INVENTORY_BALANCE_ID,PRODUCT_ID,SITE_ID,LOCATION_ID,LOT_ID,INVENTORY_STATUS,QUANTITY_ON_HAND,UNIT_OF_MEASURE_ID,LAST_TRANSACTION_DATE
1,170,3,19,1,QC_HOLD,708,1,2025-01-10 12:00:00
2,332,8,3,2,AVAILABLE,554,1,2025-01-10 12:00:00
3,317,6,2,3,AVAILABLE,735,1,2025-01-10 12:00:00
4,289,5,25,4,QC_HOLD,862,1,2025-01-10 12:00:00
5,381,2,14,5,QC_HOLD,334,1,2025-01-10 12:00:00
6,101,2,1,6,RESERVED,377,1,2025-01-10 12:00:00
7,183,5,38,7,AVAILABLE,213,1,2025-01-10 12:00:00
8,428,3,25,8,AVAILABLE,571,1,2025-01-10 12:00:00
9,35,6,32,9,RESERVED,819,1,2025-01-10 12:00:00
10,156,1,30,10,QC_HOLD,462,1,2025-01-10 12:00:00
11,80,8,13,11,QC_HOLD,371,1,2025-01-10 12:00:00
12,222,8,13,12,AVAILABLE,609,1,2025-01-10 12:00:00
13,292,6,12,13,AVAILABLE,695,1,2025-01-10 12:00:00
14,215,7,1,14,AVAILABLE,972,1,2025-01-10 12:00:00
15,162,8,30,15,AVAILABLE,884,1,2025-01-10 12:00:00
16,276,5,14,16,RESERVED,326,1,2025-01-10 12:00:00
17,122,6,7,17,AVAILABLE,479,1,2025-01-10 12:00:00
18,92,6,7,18,AVAILABLE,620,1,2025-01-10 12:00:00
19,315,4,15,19,RESERVED,612,1,2025-01-10 12:00:00
20,199,6,22,20,QC_HOLD,378,1,2025-01-10 12:00:00
21,435,1,5,21,AVAILABLE,782,1,2025-01-10 12:00:00
22,71,6,27,22,AVAILABLE,617,1,2025-01-10 12:00:00
23,450,6,27,23,RESERVED,300,1,2025-01-10 12:00:00
24,379,1,6,24,AVAILABLE,726,1,2025-01-10 12:00:00
25,400,7,19,25,RESERVED,860,1,2025-01-10 12:00:00
26,266,2,25,26,AVAILABLE,260,1,2025-01-10 12:00:00
27,361,3,40,27,RESERVED,664,1,2025-01-10 12:00:00
28,97,3,38,28,AVAILABLE,24,1,2025-01-10 12:00:00
29,349,5,31,29,QC_HOLD,376,1,2025-01-10 12:00:00
30,43,1,7,30,RESERVED,347,1,2025-01-10 12:00:00
31,308,2,6,31,AVAILABLE,610,1,2025-01-10 12:00:00
32,120,2,16,32,AVAILABLE,960,1,2025-01-10 12:00:00
33,392,3,24,33,AVAILABLE,763,1,2025-01-10 12:00:00
34,166,5,8,34,RESERVED,280,1,2025-01-10 12:00:00
35,353,2,1,35,QC_HOLD,1000,1,2025-01-10 12:00:00
36,47,5,26,36,RESERVED,220,1,2025-01-10 12:00:00
37,271,8,20,37,AVAILABLE,249,1,2025-01-10 12:00:00
38,112,5,15,38,QC_HOLD,636,1,2025-01-10 12:00:00
39,419,3,27,39,RESERVED,593,1,2025-01-10 12:00:00
40,292,5,16,40,QC_HOLD,890,1,2025-01-10 12:00:00
41,43,3,27,41,RESERVED,427,1,2025-01-10 12:00:00
42,43,7,1,42,AVAILABLE,897,1,2025-01-10 12:00:00
43,110,8,40,43,AVAILABLE,870,1,2025-01-10 12:00:00
44,14,4,9,44,QC_HOLD,683,1,2025-01-10 12:00:00
45,397,4,5,45,QC_HOLD,144,1,2025-01-10 12:00:00
46,44,5,35,46,RESERVED,222,1,2025-01-10 12:00:00
47,268,6,7,47,AVAILABLE,222,1,2025-01-10 12:00:00
48,173,8,38,48,RESERVED,191,1,2025-01-10 12:00:00
49,124,3,14,49,QC_HOLD,614,1,2025-01-10 12:00:00
50,418,8,11,50,RESERVED,490,1,2025-01-10 12:00:00
51,160,3,31,51,QC_HOLD,306,1,2025-01-10 12:00:00
52,186,5,31,52,QC_HOLD,260,1,2025-01-10 12:00:00
53,409,8,21,53,AVAILABLE,590,1,2025-01-10 12:00:00
54,111,1,8,54,QC_HOLD,452,1,2025-01-10 12:00:00
55,408,4,18,55,RESERVED,927,1,2025-01-10 12:00:00
56,267,7,2,56,QC_HOLD,938,1,2025-01-10 12:00:00
57,209,5,16,57,AVAILABLE,187,1,2025-01-10 12:00:00
58,118,5,15,58,RESERVED,800,1,2025-01-10 12:00:00
59,482,7,8,59,RESERVED,257,1,2025-01-10 12:00:00
60,225,4,28,60,RESERVED,939,1,2025-01-10 12:00:00
61,440,1,33,61,AVAILABLE,29,1,2025-01-10 12:00:00
62,364,2,3,62,QC_HOLD,711,1,2025-01-10 12:00:00
63,140,6,16,63,AVAILABLE,310,1,2025-01-10 12:00:00
64,125,3,21,64,RESERVED,254,1,2025-01-10 12:00:00
65,61,5,17,65,QC_HOLD,643,1,2025-01-10 12:00:00
66,59,7,17,66,RESERVED,119,1,2025-01-10 12:00:00
67,30,3,2,67,AVAILABLE,925,1,2025-01-10 12:00:00
68,60,7,14,68,QC_HOLD,55,1,2025-01-10 12:00:00
69,294,3,32,69,RESERVED,898,1,2025-01-10 12:00:00
70,210,6,15,70,QC_HOLD,877,1,2025-01-10 12:00:00
71,108,5,1,71,RESERVED,722,1,2025-01-10 12:00:00
72,320,3,9,72,RESERVED,345,1,2025-01-10 12:00:00
73,347,4,24,73,AVAILABLE,661,1,2025-01-10 12:00:00
74,98,4,39,74,QC_HOLD,809,1,2025-01-10 12:00:00
75,191,5,40,75,AVAILABLE,418,1,2025-01-10 12:00:00
76,487,2,19,76,RESERVED,584,1,2025-01-10 12:00:00
77,480,6,16,77,AVAILABLE,572,1,2025-01-10 12:00:00
78,150,8,40,78,QC_HOLD,134,1,2025-01-10 12:00:00
79,193,3,5,79,RESERVED,576,1,2025-01-10 12:00:00
80,12,7,8,80,QC_HOLD,974,1,2025-01-10 12:00:00
81,83,7,26,81,RESERVED,763,1,2025-01-10 12:00:00
82,341,2,17,82,AVAILABLE,499,1,2025-01-10 12:00:00
83,364,2,15,83,AVAILABLE,965,1,2025-01-10 12:00:00
84,446,7,40,84,QC_HOLD,436,1,2025-01-10 12:00:00
85,239,8,26,85,RESERVED,29,1,2025-01-10 12:00:00
86,279,3,9,86,AVAILABLE,473,1,2025-01-10 12:00:00
87,13,2,23,87,RESERVED,211,1,2025-01-10 12:00:00
88,352,2,23,88,QC_HOLD,235,1,2025-01-10 12:00:00
89,494,1,34,89,QC_HOLD,289,1,2025-01-10 12:00:00
90,22,7,9,90,AVAILABLE,519,1,2025-01-10 12:00:00
91,413,3,25,91,RESERVED,428,1,2025-01-10 12:00:00
92,62,4,6,92,AVAILABLE,627,1,2025-01-10 12:00:00
93,317,4,11,93,AVAILABLE,603,1,2025-01-10 12:00:00
94,305,6,39,94,AVAILABLE,167,1,2025-01-10 12:00:00
95,374,4,17,95,RESERVED,391,1,2025-01-10 12:00:00
96,481,8,32,96,RESERVED,569,1,2025-01-10 12:00:00
97,119,8,24,97,RESERVED,106,1,2025-01-10 12:00:00
98,215,8,6,98,QC_HOLD,464,1,2025-01-10 12:00:00
99,199,7,37,99,AVAILABLE,549,1,2025-01-10 12:00:00
100,368,3,9,100,QC_HOLD,560,1,2025-01-10 12:00:00
101,25,2,32,101,RESERVED,587,1,2025-01-10 12:00:00
102,85,3,1,102,AVAILABLE,174,1,2025-01-10 12:00:00
103,192,2,4,103,QC_HOLD,697,1,2025-01-10 12:00:00
104,213,6,14,104,RESERVED,563,1,2025-01-10 12:00:00
105,20,3,27,105,QC_HOLD,983,1,2025-01-10 12:00:00
106,392,4,3,106,RESERVED,136,1,2025-01-10 12:00:00
107,410,3,1,107,AVAILABLE,287,1,2025-01-10 12:00:00
108,160,7,22,108,QC_HOLD,388,1,2025-01-10 12:00:00
109,360,4,25,109,QC_HOLD,381,1,2025-01-10 12:00:00
110,78,6,31,110,AVAILABLE,502,1,2025-01-10 12:00:00
111,409,7,26,111,AVAILABLE,219,1,2025-01-10 12:00:00
112,49,4,18,112,RESERVED,595,1,2025-01-10 12:00:00
113,205,1,19,113,AVAILABLE,908,1,2025-01-10 12:00:00
114,427,8,21,114,AVAILABLE,64,1,2025-01-10 12:00:00
115,333,5,31,115,AVAILABLE,859,1,2025-01-10 12:00:00
116,4,7,15,116,RESERVED,271,1,2025-01-10 12:00:00
117,96,2,2,117,AVAILABLE,556,1,2025-01-10 12:00:00
118,231,6,35,118,AVAILABLE,992,1,2025-01-10 12:00:00
119,303,6,36,119,QC_HOLD,649,1,2025-01-10 12:00:00
120,422,1,19,120,RESERVED,576,1,2025-01-10 12:00:00
121,325,4,13,121,RESERVED,622,1,2025-01-10 12:00:00
122,460,4,19,122,AVAILABLE,174,1,2025-01-10 12:00:00
123,161,5,24,123,AVAILABLE,571,1,2025-01-10 12:00:00
124,452,6,36,124,RESERVED,33,1,2025-01-10 12:00:00
125,93,8,8,125,AVAILABLE,837,1,2025-01-10 12:00:00
126,204,8,39,126,RESERVED,326,1,2025-01-10 12:00:00
127,5,7,29,127,RESERVED,824,1,2025-01-10 12:00:00
128,182,4,4,128,RESERVED,542,1,2025-01-10 12:00:00
129,278,7,24,129,RESERVED,379,1,2025-01-10 12:00:00
130,54,6,25,130,AVAILABLE,885,1,2025-01-10 12:00:00
131,472,1,19,131,AVAILABLE,730,1,2025-01-10 12:00:00
132,17,7,36,132,AVAILABLE,248,1,2025-01-10 12:00:00
133,464,7,23,133,AVAILABLE,347,1,2025-01-10 12:00:00
134,21,1,23,134,RESERVED,554,1,2025-01-10 12:00:00
135,120,4,30,135,QC_HOLD,96,1,2025-01-10 12:00:00
136,15,5,7,136,QC_HOLD,188,1,2025-01-10 12:00:00
137,455,5,25,137,AVAILABLE,987,1,2025-01-10 12:00:00
138,240,3,8,138,AVAILABLE,957,1,2025-01-10 12:00:00
139,321,5,33,139,AVAILABLE,60,1,2025-01-10 12:00:00
140,278,3,36,140,QC_HOLD,623,1,2025-01-10 12:00:00
141,341,3,26,141,RESERVED,99,1,2025-01-10 12:00:00
142,101,3,4,142,QC_HOLD,809,1,2025-01-10 12:00:00
143,23,8,6,143,QC_HOLD,895,1,2025-01-10 12:00:00
144,495,7,26,144,QC_HOLD,842,1,2025-01-10 12:00:00
145,251,1,36,145,QC_HOLD,718,1,2025-01-10 12:00:00
146,73,2,25,146,AVAILABLE,114,1,2025-01-10 12:00:00
147,201,5,22,147,RESERVED,420,1,2025-01-10 12:00:00
148,279,1,2,148,RESERVED,523,1,2025-01-10 12:00:00
149,238,8,8,149,RESERVED,392,1,2025-01-10 12:00:00
150,95,6,13,150,QC_HOLD,884,1,2025-01-10 12:00:00
151,411,1,20,151,RESERVED,403,1,2025-01-10 12:00:00
152,424,5,11,152,RESERVED,190,1,2025-01-10 12:00:00
153,45,8,7,153,AVAILABLE,426,1,2025-01-10 12:00:00
154,464,3,1,154,QC_HOLD,635,1,2025-01-10 12:00:00
155,408,3,14,155,QC_HOLD,732,1,2025-01-10 12:00:00
156,295,5,8,156,RESERVED,55,1,2025-01-10 12:00:00
157,240,8,8,157,AVAILABLE,286,1,2025-01-10 12:00:00
158,448,1,15,158,RESERVED,322,1,2025-01-10 12:00:00
159,70,2,14,159,QC_HOLD,623,1,2025-01-10 12:00:00
160,123,2,19,160,RESERVED,500,1,2025-01-10 12:00:00
161,235,4,25,161,RESERVED,61,1,2025-01-10 12:00:00
162,492,3,14,162,RESERVED,23,1,2025-01-10 12:00:00
163,35,4,26,163,AVAILABLE,975,1,2025-01-10 12:00:00
164,297,6,26,164,RESERVED,595,1,2025-01-10 12:00:00
165,147,1,36,165,RESERVED,340,1,2025-01-10 12:00:00
166,404,3,28,166,AVAILABLE,944,1,2025-01-10 12:00:00
167,438,1,7,167,AVAILABLE,381,1,2025-01-10 12:00:00
168,163,1,36,168,RESERVED,781,1,2025-01-10 12:00:00
169,442,2,32,169,QC_HOLD,842,1,2025-01-10 12:00:00
170,485,8,10,170,AVAILABLE,823,1,2025-01-10 12:00:00
171,79,2,40,171,RESERVED,125,1,2025-01-10 12:00:00
172,317,1,26,172,AVAILABLE,665,1,2025-01-10 12:00:00
173,196,3,40,173,QC_HOLD,341,1,2025-01-10 12:00:00
174,40,2,24,174,AVAILABLE,402,1,2025-01-10 12:00:00
175,177,7,11,175,AVAILABLE,44,1,2025-01-10 12:00:00
176,443,4,16,176,RESERVED,430,1,2025-01-10 12:00:00
177,269,6,11,177,AVAILABLE,494,1,2025-01-10 12:00:00
178,25,4,17,178,RESERVED,941,1,2025-01-10 12:00:00
179,262,1,11,179,AVAILABLE,319,1,2025-01-10 12:00:00
180,166,4,21,180,AVAILABLE,269,1,2025-01-10 12:00:00
181,13,7,16,181,QC_HOLD,131,1,2025-01-10 12:00:00
182,245,1,2,182,AVAILABLE,639,1,2025-01-10 12:00:00
183,479,1,23,183,RESERVED,604,1,2025-01-10 12:00:00
184,461,6,39,184,RESERVED,549,1,2025-01-10 12:00:00
185,72,7,5,185,RESERVED,510,1,2025-01-10 12:00:00
186,252,8,9,186,AVAILABLE,248,1,2025-01-10 12:00:00
187,419,5,32,187,QC_HOLD,518,1,2025-01-10 12:00:00
188,344,3,39,188,QC_HOLD,26,1,2025-01-10 12:00:00
189,358,3,21,189,RESERVED,372,1,2025-01-10 12:00:00
190,426,1,27,190,QC_HOLD,903,1,2025-01-10 12:00:00
191,149,7,27,191,AVAILABLE,735,1,2025-01-10 12:00:00
192,80,4,16,192,QC_HOLD,601,1,2025-01-10 12:00:00
193,395,3,10,193,AVAILABLE,220,1,2025-01-10 12:00:00
194,274,8,17,194,AVAILABLE,394,1,2025-01-10 12:00:00
195,240,5,37,195,RESERVED,563,1,2025-01-10 12:00:00
196,10,3,37,196,RESERVED,203,1,2025-01-10 12:00:00
197,222,1,31,197,RESERVED,690,1,2025-01-10 12:00:00
198,76,3,10,198,QC_HOLD,743,1,2025-01-10 12:00:00
199,235,5,26,199,AVAILABLE,487,1,2025-01-10 12:00:00
200,34,7,7,200,AVAILABLE,790,1,2025-01-10 12:00:00
201,150,3,18,201,AVAILABLE,904,1,2025-01-10 12:00:00
202,378,8,3,202,RESERVED,882,1,2025-01-10 12:00:00
203,399,7,24,203,QC_HOLD,691,1,2025-01-10 12:00:00
204,233,1,37,204,AVAILABLE,672,1,2025-01-10 12:00:00
205,299,1,27,205,AVAILABLE,66,1,2025-01-10 12:00:00
206,259,8,9,206,AVAILABLE,453,1,2025-01-10 12:00:00
207,305,4,20,207,AVAILABLE,369,1,2025-01-10 12:00:00
208,217,3,30,208,AVAILABLE,542,1,2025-01-10 12:00:00
209,427,2,6,209,QC_HOLD,995,1,2025-01-10 12:00:00
210,199,4,12,210,AVAILABLE,552,1,2025-01-10 12:00:00
211,317,8,4,211,AVAILABLE,709,1,2025-01-10 12:00:00
212,262,1,40,212,AVAILABLE,136,1,2025-01-10 12:00:00
213,126,1,24,213,QC_HOLD,552,1,2025-01-10 12:00:00
214,392,4,4,214,AVAILABLE,416,1,2025-01-10 12:00:00
215,492,5,2,215,AVAILABLE,253,1,2025-01-10 12:00:00
216,95,2,1,216,AVAILABLE,666,1,2025-01-10 12:00:00
217,38,1,32,217,AVAILABLE,366,1,2025-01-10 12:00:00
218,56,3,30,218,RESERVED,940,1,2025-01-10 12:00:00
219,267,6,13,219,QC_HOLD,961,1,2025-01-10 12:00:00
220,307,5,7,220,AVAILABLE,868,1,2025-01-10 12:00:00
221,404,4,11,221,QC_HOLD,960,1,2025-01-10 12:00:00
222,406,7,6,222,QC_HOLD,747,1,2025-01-10 12:00:00
223,499,5,29,223,AVAILABLE,709,1,2025-01-10 12:00:00
224,486,1,11,224,QC_HOLD,667,1,2025-01-10 12:00:00
225,167,7,33,225,AVAILABLE,3,1,2025-01-10 12:00:00
226,286,8,36,226,QC_HOLD,43,1,2025-01-10 12:00:00
227,155,7,14,227,RESERVED,48,1,2025-01-10 12:00:00
228,293,4,2,228,AVAILABLE,703,1,2025-01-10 12:00:00
229,355,7,40,229,AVAILABLE,114,1,2025-01-10 12:00:00
230,279,2,10,230,AVAILABLE,449,1,2025-01-10 12:00:00
231,165,3,21,231,RESERVED,124,1,2025-01-10 12:00:00
232,438,4,28,232,QC_HOLD,922,1,2025-01-10 12:00:00
233,210,7,25,233,AVAILABLE,127,1,2025-01-10 12:00:00
234,180,8,23,234,QC_HOLD,647,1,2025-01-10 12:00:00
235,209,4,9,235,AVAILABLE,517,1,2025-01-10 12:00:00
236,26,5,32,236,QC_HOLD,656,1,2025-01-10 12:00:00
237,93,7,38,237,QC_HOLD,234,1,2025-01-10 12:00:00
238,411,6,12,238,RESERVED,403,1,2025-01-10 12:00:00
239,175,8,38,239,AVAILABLE,524,1,2025-01-10 12:00:00
240,341,4,1,240,QC_HOLD,586,1,2025-01-10 12:00:00
241,288,1,29,241,AVAILABLE,856,1,2025-01-10 12:00:00
242,100,7,11,242,AVAILABLE,372,1,2025-01-10 12:00:00
243,180,5,4,243,AVAILABLE,582,1,2025-01-10 12:00:00
244,459,8,26,244,QC_HOLD,159,1,2025-01-10 12:00:00
245,259,8,26,245,AVAILABLE,164,1,2025-01-10 12:00:00
246,10,3,1,246,AVAILABLE,163,1,2025-01-10 12:00:00
247,40,1,7,247,QC_HOLD,174,1,2025-01-10 12:00:00
248,256,6,8,248,QC_HOLD,319,1,2025-01-10 12:00:00
249,201,8,26,249,QC_HOLD,861,1,2025-01-10 12:00:00
250,3,2,18,250,AVAILABLE,473,1,2025-01-10 12:00:00
251,352,7,23,251,RESERVED,170,1,2025-01-10 12:00:00
252,291,5,35,252,QC_HOLD,242,1,2025-01-10 12:00:00
253,198,7,24,253,AVAILABLE,969,1,2025-01-10 12:00:00
254,127,1,13,254,RESERVED,328,1,2025-01-10 12:00:00
255,187,7,3,255,AVAILABLE,22,1,2025-01-10 12:00:00
256,238,8,39,256,RESERVED,321,1,2025-01-10 12:00:00
257,444,7,30,257,RESERVED,437,1,2025-01-10 12:00:00
258,171,5,29,258,AVAILABLE,103,1,2025-01-10 12:00:00
259,478,1,21,259,AVAILABLE,713,1,2025-01-10 12:00:00
260,409,1,16,260,RESERVED,910,1,2025-01-10 12:00:00
261,159,2,25,261,QC_HOLD,517,1,2025-01-10 12:00:00
262,148,7,12,262,RESERVED,382,1,2025-01-10 12:00:00
263,87,1,22,263,RESERVED,644,1,2025-01-10 12:00:00
264,159,1,26,264,QC_HOLD,273,1,2025-01-10 12:00:00
265,3,1,7,265,RESERVED,435,1,2025-01-10 12:00:00
266,51,5,28,266,QC_HOLD,372,1,2025-01-10 12:00:00
267,447,3,9,267,AVAILABLE,423,1,2025-01-10 12:00:00
268,309,3,7,268,RESERVED,815,1,2025-01-10 12:00:00
269,315,2,30,269,RESERVED,523,1,2025-01-10 12:00:00
270,188,7,3,270,AVAILABLE,115,1,2025-01-10 12:00:00
271,372,1,31,271,AVAILABLE,79,1,2025-01-10 12:00:00
272,404,1,37,272,AVAILABLE,812,1,2025-01-10 12:00:00
273,140,2,9,273,RESERVED,611,1,2025-01-10 12:00:00
274,139,6,9,274,AVAILABLE,316,1,2025-01-10 12:00:00
275,230,2,39,275,QC_HOLD,90,1,2025-01-10 12:00:00
276,180,5,16,276,QC_HOLD,87,1,2025-01-10 12:00:00
277,484,2,28,277,QC_HOLD,255,1,2025-01-10 12:00:00
278,29,3,1,278,AVAILABLE,686,1,2025-01-10 12:00:00
279,182,2,30,279,QC_HOLD,253,1,2025-01-10 12:00:00
280,118,4,6,280,AVAILABLE,33,1,2025-01-10 12:00:00
281,142,5,32,281,RESERVED,302,1,2025-01-10 12:00:00
282,408,3,1,282,QC_HOLD,50,1,2025-01-10 12:00:00
283,218,7,9,283,RESERVED,463,1,2025-01-10 12:00:00
284,424,5,2,284,QC_HOLD,116,1,2025-01-10 12:00:00
285,460,3,7,285,AVAILABLE,903,1,2025-01-10 12:00:00
286,56,4,16,286,AVAILABLE,895,1,2025-01-10 12:00:00
287,59,5,1,287,RESERVED,431,1,2025-01-10 12:00:00
288,367,4,6,288,RESERVED,651,1,2025-01-10 12:00:00
289,280,6,31,289,RESERVED,518,1,2025-01-10 12:00:00
290,446,3,10,290,RESERVED,565,1,2025-01-10 12:00:00
291,330,4,10,291,QC_HOLD,623,1,2025-01-10 12:00:00
292,196,8,33,292,RESERVED,271,1,2025-01-10 12:00:00
293,274,2,28,293,QC_HOLD,774,1,2025-01-10 12:00:00
294,249,5,21,294,QC_HOLD,418,1,2025-01-10 12:00:00
295,404,7,1,295,RESERVED,230,1,2025-01-10 12:00:00
296,366,7,26,296,QC_HOLD,901,1,2025-01-10 12:00:00
297,305,6,33,297,AVAILABLE,678,1,2025-01-10 12:00:00
298,9,6,25,298,AVAILABLE,564,1,2025-01-10 12:00:00
299,289,1,37,299,AVAILABLE,191,1,2025-01-10 12:00:00
300,420,3,25,300,AVAILABLE,276,1,2025-01-10 12:00:00
301,296,7,37,301,QC_HOLD,128,1,2025-01-10 12:00:00
302,267,2,23,302,AVAILABLE,696,1,2025-01-10 12:00:00
303,461,3,18,303,QC_HOLD,542,1,2025-01-10 12:00:00
304,475,5,20,304,QC_HOLD,106,1,2025-01-10 12:00:00
305,360,6,33,305,QC_HOLD,623,1,2025-01-10 12:00:00
306,473,1,24,306,QC_HOLD,624,1,2025-01-10 12:00:00
307,199,3,31,307,AVAILABLE,664,1,2025-01-10 12:00:00
308,237,7,21,308,AVAILABLE,223,1,2025-01-10 12:00:00
309,165,4,21,309,AVAILABLE,620,1,2025-01-10 12:00:00
310,125,8,13,310,QC_HOLD,601,1,2025-01-10 12:00:00
311,493,2,35,311,RESERVED,961,1,2025-01-10 12:00:00
312,342,1,5,312,QC_HOLD,492,1,2025-01-10 12:00:00
313,7,8,9,313,AVAILABLE,815,1,2025-01-10 12:00:00
314,272,1,34,314,RESERVED,65,1,2025-01-10 12:00:00
315,169,8,14,315,RESERVED,434,1,2025-01-10 12:00:00
316,173,4,36,316,QC_HOLD,347,1,2025-01-10 12:00:00
317,433,7,40,317,RESERVED,526,1,2025-01-10 12:00:00
318,187,3,10,318,RESERVED,669,1,2025-01-10 12:00:00
319,471,3,32,319,AVAILABLE,356,1,2025-01-10 12:00:00
320,97,4,17,320,QC_HOLD,996,1,2025-01-10 12:00:00
321,358,2,8,321,QC_HOLD,307,1,2025-01-10 12:00:00
322,65,8,23,322,RESERVED,736,1,2025-01-10 12:00:00
323,210,7,6,323,AVAILABLE,591,1,2025-01-10 12:00:00
324,9,6,9,324,AVAILABLE,349,1,2025-01-10 12:00:00
325,467,1,36,325,AVAILABLE,359,1,2025-01-10 12:00:00
326,270,5,38,326,QC_HOLD,624,1,2025-01-10 12:00:00
327,275,3,7,327,RESERVED,184,1,2025-01-10 12:00:00
328,34,3,19,328,QC_HOLD,359,1,2025-01-10 12:00:00
329,385,8,12,329,RESERVED,316,1,2025-01-10 12:00:00
330,271,4,36,330,QC_HOLD,978,1,2025-01-10 12:00:00
331,411,5,25,331,QC_HOLD,980,1,2025-01-10 12:00:00
332,79,4,27,332,QC_HOLD,909,1,2025-01-10 12:00:00
333,63,4,2,333,QC_HOLD,667,1,2025-01-10 12:00:00
334,111,7,13,334,RESERVED,81,1,2025-01-10 12:00:00
335,153,7,39,335,AVAILABLE,970,1,2025-01-10 12:00:00
336,442,8,22,336,QC_HOLD,160,1,2025-01-10 12:00:00
337,77,6,6,337,QC_HOLD,369,1,2025-01-10 12:00:00
338,184,2,7,338,RESERVED,567,1,2025-01-10 12:00:00
339,317,8,6,339,QC_HOLD,686,1,2025-01-10 12:00:00
340,449,4,7,340,QC_HOLD,66,1,2025-01-10 12:00:00
341,9,1,4,341,AVAILABLE,543,1,2025-01-10 12:00:00
342,103,2,10,342,QC_HOLD,786,1,2025-01-10 12:00:00
343,370,1,29,343,RESERVED,673,1,2025-01-10 12:00:00
344,346,8,5,344,QC_HOLD,179,1,2025-01-10 12:00:00
345,171,2,39,345,RESERVED,684,1,2025-01-10 12:00:00
346,170,8,21,346,RESERVED,625,1,2025-01-10 12:00:00
347,185,7,11,347,QC_HOLD,48,1,2025-01-10 12:00:00
348,210,1,18,348,QC_HOLD,849,1,2025-01-10 12:00:00
349,321,8,12,349,RESERVED,308,1,2025-01-10 12:00:00
350,490,1,33,350,RESERVED,381,1,2025-01-10 12:00:00
351,391,1,24,351,RESERVED,826,1,2025-01-10 12:00:00
352,21,4,22,352,QC_HOLD,927,1,2025-01-10 12:00:00
353,465,7,39,353,RESERVED,871,1,2025-01-10 12:00:00
354,96,2,18,354,QC_HOLD,772,1,2025-01-10 12:00:00
355,128,8,9,355,AVAILABLE,55,1,2025-01-10 12:00:00
356,72,3,26,356,QC_HOLD,107,1,2025-01-10 12:00:00
357,294,2,10,357,QC_HOLD,798,1,2025-01-10 12:00:00
358,220,5,12,358,QC_HOLD,443,1,2025-01-10 12:00:00
359,315,7,21,359,RESERVED,997,1,2025-01-10 12:00:00
360,481,3,27,360,QC_HOLD,906,1,2025-01-10 12:00:00
361,123,2,15,361,RESERVED,507,1,2025-01-10 12:00:00
362,209,2,30,362,QC_HOLD,350,1,2025-01-10 12:00:00
363,331,4,22,363,QC_HOLD,103,1,2025-01-10 12:00:00
364,258,6,7,364,AVAILABLE,549,1,2025-01-10 12:00:00
365,402,3,30,365,AVAILABLE,859,1,2025-01-10 12:00:00
366,320,5,14,366,AVAILABLE,862,1,2025-01-10 12:00:00
367,252,8,40,367,AVAILABLE,336,1,2025-01-10 12:00:00
368,126,4,35,368,AVAILABLE,346,1,2025-01-10 12:00:00
369,327,7,19,369,AVAILABLE,330,1,2025-01-10 12:00:00
370,424,2,35,370,QC_HOLD,998,1,2025-01-10 12:00:00
371,304,2,36,371,QC_HOLD,233,1,2025-01-10 12:00:00
372,15,3,34,372,QC_HOLD,820,1,2025-01-10 12:00:00
373,12,8,24,373,AVAILABLE,748,1,2025-01-10 12:00:00
374,83,2,9,374,AVAILABLE,451,1,2025-01-10 12:00:00
375,239,3,25,375,RESERVED,119,1,2025-01-10 12:00:00
376,275,4,23,376,AVAILABLE,759,1,2025-01-10 12:00:00
377,163,7,9,377,QC_HOLD,61,1,2025-01-10 12:00:00
378,143,8,11,378,QC_HOLD,698,1,2025-01-10 12:00:00
379,434,3,19,379,QC_HOLD,185,1,2025-01-10 12:00:00
380,53,8,14,380,AVAILABLE,804,1,2025-01-10 12:00:00
381,33,7,26,381,RESERVED,980,1,2025-01-10 12:00:00
382,325,4,8,382,QC_HOLD,883,1,2025-01-10 12:00:00
383,229,7,2,383,AVAILABLE,368,1,2025-01-10 12:00:00
384,357,5,36,384,QC_HOLD,999,1,2025-01-10 12:00:00
385,30,5,6,385,AVAILABLE,742,1,2025-01-10 12:00:00
386,395,3,21,386,AVAILABLE,855,1,2025-01-10 12:00:00
387,179,3,22,387,RESERVED,780,1,2025-01-10 12:00:00
388,38,7,24,388,QC_HOLD,75,1,2025-01-10 12:00:00
389,161,4,24,389,AVAILABLE,612,1,2025-01-10 12:00:00
390,3,8,12,390,QC_HOLD,501,1,2025-01-10 12:00:00
391,496,6,24,391,AVAILABLE,70,1,2025-01-10 12:00:00
392,184,7,27,392,RESERVED,499,1,2025-01-10 12:00:00
393,147,3,20,393,AVAILABLE,259,1,2025-01-10 12:00:00
394,387,8,32,394,RESERVED,650,1,2025-01-10 12:00:00
395,395,4,15,395,QC_HOLD,572,1,2025-01-10 12:00:00
396,399,7,5,396,RESERVED,73,1,2025-01-10 12:00:00
397,258,8,6,397,AVAILABLE,141,1,2025-01-10 12:00:00
398,468,7,9,398,AVAILABLE,868,1,2025-01-10 12:00:00
399,170,1,25,399,QC_HOLD,420,1,2025-01-10 12:00:00
400,292,1,23,400,RESERVED,224,1,2025-01-10 12:00:00
401,452,7,2,401,AVAILABLE,684,1,2025-01-10 12:00:00
402,438,3,8,402,QC_HOLD,185,1,2025-01-10 12:00:00
403,466,8,9,403,QC_HOLD,462,1,2025-01-10 12:00:00
404,467,3,39,404,AVAILABLE,460,1,2025-01-10 12:00:00
405,392,2,23,405,QC_HOLD,703,1,2025-01-10 12:00:00
406,123,1,23,406,RESERVED,650,1,2025-01-10 12:00:00
407,159,2,18,407,QC_HOLD,1000,1,2025-01-10 12:00:00
408,387,4,22,408,QC_HOLD,964,1,2025-01-10 12:00:00
409,236,6,26,409,QC_HOLD,503,1,2025-01-10 12:00:00
410,171,1,37,410,RESERVED,910,1,2025-01-10 12:00:00
411,206,6,40,411,QC_HOLD,388,1,2025-01-10 12:00:00
412,340,4,9,412,RESERVED,526,1,2025-01-10 12:00:00
413,495,4,29,413,RESERVED,105,1,2025-01-10 12:00:00
414,192,4,15,414,AVAILABLE,830,1,2025-01-10 12:00:00
415,131,3,15,415,AVAILABLE,830,1,2025-01-10 12:00:00
416,213,3,19,416,AVAILABLE,950,1,2025-01-10 12:00:00
417,57,6,25,417,QC_HOLD,943,1,2025-01-10 12:00:00
418,67,1,1,418,QC_HOLD,51,1,2025-01-10 12:00:00
419,340,5,25,419,AVAILABLE,665,1,2025-01-10 12:00:00
420,301,1,34,420,RESERVED,481,1,2025-01-10 12:00:00
421,419,1,16,421,QC_HOLD,26,1,2025-01-10 12:00:00
422,312,1,33,422,RESERVED,390,1,2025-01-10 12:00:00
423,244,6,8,423,AVAILABLE,947,1,2025-01-10 12:00:00
424,55,4,39,424,RESERVED,933,1,2025-01-10 12:00:00
425,392,5,31,425,QC_HOLD,486,1,2025-01-10 12:00:00
426,73,7,37,426,AVAILABLE,466,1,2025-01-10 12:00:00
427,228,4,14,427,AVAILABLE,141,1,2025-01-10 12:00:00
428,57,5,31,428,RESERVED,145,1,2025-01-10 12:00:00
429,82,7,33,429,RESERVED,478,1,2025-01-10 12:00:00
430,5,8,16,430,RESERVED,572,1,2025-01-10 12:00:00
431,475,4,17,431,QC_HOLD,893,1,2025-01-10 12:00:00
432,134,7,27,432,QC_HOLD,183,1,2025-01-10 12:00:00
433,246,3,7,433,QC_HOLD,372,1,2025-01-10 12:00:00
434,69,7,12,434,AVAILABLE,436,1,2025-01-10 12:00:00
435,459,5,5,435,RESERVED,8,1,2025-01-10 12:00:00
436,383,8,32,436,QC_HOLD,811,1,2025-01-10 12:00:00
437,336,4,40,437,RESERVED,797,1,2025-01-10 12:00:00
438,124,8,14,438,QC_HOLD,12,1,2025-01-10 12:00:00
439,238,3,6,439,RESERVED,17,1,2025-01-10 12:00:00
440,325,2,2,440,AVAILABLE,215,1,2025-01-10 12:00:00
441,39,5,4,441,AVAILABLE,890,1,2025-01-10 12:00:00
442,169,7,10,442,RESERVED,656,1,2025-01-10 12:00:00
443,113,1,12,443,RESERVED,485,1,2025-01-10 12:00:00
444,35,3,23,444,QC_HOLD,234,1,2025-01-10 12:00:00
445,235,7,38,445,AVAILABLE,871,1,2025-01-10 12:00:00
446,446,5,17,446,QC_HOLD,263,1,2025-01-10 12:00:00
447,474,6,2,447,AVAILABLE,448,1,2025-01-10 12:00:00
448,160,2,9,448,AVAILABLE,828,1,2025-01-10 12:00:00
449,213,7,4,449,QC_HOLD,799,1,2025-01-10 12:00:00
450,35,4,20,450,QC_HOLD,260,1,2025-01-10 12:00:00
451,222,6,38,451,QC_HOLD,645,1,2025-01-10 12:00:00
452,257,3,19,452,QC_HOLD,178,1,2025-01-10 12:00:00
453,441,1,29,453,AVAILABLE,526,1,2025-01-10 12:00:00
454,304,6,33,454,QC_HOLD,949,1,2025-01-10 12:00:00
455,160,3,1,455,AVAILABLE,260,1,2025-01-10 12:00:00
456,7,6,37,456,RESERVED,133,1,2025-01-10 12:00:00
457,104,8,19,457,RESERVED,208,1,2025-01-10 12:00:00
458,54,8,22,458,RESERVED,948,1,2025-01-10 12:00:00
459,408,5,12,459,QC_HOLD,579,1,2025-01-10 12:00:00
460,341,8,39,460,AVAILABLE,203,1,2025-01-10 12:00:00
461,499,3,35,461,RESERVED,300,1,2025-01-10 12:00:00
462,149,6,13,462,AVAILABLE,218,1,2025-01-10 12:00:00
463,433,6,27,463,AVAILABLE,75,1,2025-01-10 12:00:00
464,1,5,28,464,AVAILABLE,842,1,2025-01-10 12:00:00
465,225,7,34,465,RESERVED,564,1,2025-01-10 12:00:00
466,404,7,28,466,QC_HOLD,455,1,2025-01-10 12:00:00
467,39,2,24,467,AVAILABLE,122,1,2025-01-10 12:00:00
468,299,8,15,468,QC_HOLD,339,1,2025-01-10 12:00:00
469,413,1,32,469,RESERVED,795,1,2025-01-10 12:00:00
470,240,6,25,470,RESERVED,977,1,2025-01-10 12:00:00
471,305,7,2,471,AVAILABLE,578,1,2025-01-10 12:00:00
472,43,5,31,472,QC_HOLD,306,1,2025-01-10 12:00:00
473,381,3,8,473,QC_HOLD,785,1,2025-01-10 12:00:00
474,107,2,14,474,AVAILABLE,723,1,2025-01-10 12:00:00
475,303,3,16,475,QC_HOLD,307,1,2025-01-10 12:00:00
476,65,3,33,476,AVAILABLE,613,1,2025-01-10 12:00:00
477,222,3,16,477,QC_HOLD,991,1,2025-01-10 12:00:00
478,71,8,33,478,AVAILABLE,329,1,2025-01-10 12:00:00
479,456,5,11,479,RESERVED,286,1,2025-01-10 12:00:00
480,223,8,3,480,RESERVED,828,1,2025-01-10 12:00:00
481,186,3,10,481,RESERVED,699,1,2025-01-10 12:00:00
482,7,8,15,482,QC_HOLD,777,1,2025-01-10 12:00:00
483,8,8,26,483,QC_HOLD,867,1,2025-01-10 12:00:00
484,121,5,33,484,AVAILABLE,669,1,2025-01-10 12:00:00
485,170,1,18,485,AVAILABLE,838,1,2025-01-10 12:00:00
486,233,6,13,486,QC_HOLD,946,1,2025-01-10 12:00:00
487,216,8,13,487,QC_HOLD,735,1,2025-01-10 12:00:00
488,3,6,34,488,QC_HOLD,224,1,2025-01-10 12:00:00
489,411,3,13,489,QC_HOLD,696,1,2025-01-10 12:00:00
490,24,4,36,490,QC_HOLD,320,1,2025-01-10 12:00:00
491,432,3,2,491,RESERVED,646,1,2025-01-10 12:00:00
492,59,2,12,492,QC_HOLD,816,1,2025-01-10 12:00:00
493,177,5,9,493,QC_HOLD,399,1,2025-01-10 12:00:00
494,449,2,22,494,QC_HOLD,605,1,2025-01-10 12:00:00
495,347,2,13,495,RESERVED,521,1,2025-01-10 12:00:00
496,447,2,34,496,RESERVED,393,1,2025-01-10 12:00:00
497,333,5,30,497,RESERVED,600,1,2025-01-10 12:00:00
498,444,7,4,498,RESERVED,872,1,2025-01-10 12:00:00
499,308,1,27,499,RESERVED,637,1,2025-01-10 12:00:00
500,375,8,19,500,QC_HOLD,267,1,2025-01-10 12:00:00
501,358,7,6,501,RESERVED,430,1,2025-01-10 12:00:00
502,448,6,8,502,RESERVED,989,1,2025-01-10 12:00:00
503,72,5,1,503,QC_HOLD,628,1,2025-01-10 12:00:00
504,459,3,27,504,RESERVED,795,1,2025-01-10 12:00:00
505,201,1,5,505,QC_HOLD,908,1,2025-01-10 12:00:00
506,177,8,21,506,QC_HOLD,5,1,2025-01-10 12:00:00
507,286,1,5,507,AVAILABLE,188,1,2025-01-10 12:00:00
508,170,7,40,508,RESERVED,124,1,2025-01-10 12:00:00
509,288,4,3,509,RESERVED,901,1,2025-01-10 12:00:00
510,456,8,2,510,QC_HOLD,619,1,2025-01-10 12:00:00
511,97,6,7,511,RESERVED,135,1,2025-01-10 12:00:00
512,40,7,4,512,AVAILABLE,599,1,2025-01-10 12:00:00
513,36,6,24,513,RESERVED,379,1,2025-01-10 12:00:00
514,419,4,30,514,RESERVED,553,1,2025-01-10 12:00:00
515,57,5,27,515,AVAILABLE,185,1,2025-01-10 12:00:00
516,210,3,30,516,AVAILABLE,604,1,2025-01-10 12:00:00
517,435,5,5,517,RESERVED,575,1,2025-01-10 12:00:00
518,424,2,28,518,RESERVED,789,1,2025-01-10 12:00:00
519,151,4,7,519,RESERVED,359,1,2025-01-10 12:00:00
520,83,1,19,520,RESERVED,515,1,2025-01-10 12:00:00
521,198,7,31,521,QC_HOLD,26,1,2025-01-10 12:00:00
522,322,2,6,522,QC_HOLD,878,1,2025-01-10 12:00:00
523,407,1,32,523,AVAILABLE,192,1,2025-01-10 12:00:00
524,115,1,15,524,AVAILABLE,457,1,2025-01-10 12:00:00
525,473,4,38,525,AVAILABLE,750,1,2025-01-10 12:00:00
526,69,3,22,526,QC_HOLD,6,1,2025-01-10 12:00:00
527,314,8,11,527,RESERVED,205,1,2025-01-10 12:00:00
528,432,6,12,528,QC_HOLD,186,1,2025-01-10 12:00:00
529,27,2,6,529,QC_HOLD,4,1,2025-01-10 12:00:00
530,169,6,40,530,AVAILABLE,782,1,2025-01-10 12:00:00
531,145,8,4,531,RESERVED,38,1,2025-01-10 12:00:00
532,421,2,31,532,AVAILABLE,411,1,2025-01-10 12:00:00
533,32,8,5,533,AVAILABLE,724,1,2025-01-10 12:00:00
534,378,7,26,534,QC_HOLD,901,1,2025-01-10 12:00:00
535,69,8,5,535,RESERVED,156,1,2025-01-10 12:00:00
536,136,7,29,536,QC_HOLD,786,1,2025-01-10 12:00:00
537,385,2,21,537,RESERVED,90,1,2025-01-10 12:00:00
538,148,8,15,538,RESERVED,171,1,2025-01-10 12:00:00
539,421,6,13,539,RESERVED,54,1,2025-01-10 12:00:00
540,205,7,20,540,AVAILABLE,51,1,2025-01-10 12:00:00
541,370,6,16,541,QC_HOLD,571,1,2025-01-10 12:00:00
542,406,4,7,542,QC_HOLD,919,1,2025-01-10 12:00:00
543,465,2,20,543,QC_HOLD,563,1,2025-01-10 12:00:00
544,118,6,2,544,QC_HOLD,18,1,2025-01-10 12:00:00
545,256,5,38,545,AVAILABLE,712,1,2025-01-10 12:00:00
546,173,5,36,546,QC_HOLD,708,1,2025-01-10 12:00:00
547,313,2,31,547,RESERVED,57,1,2025-01-10 12:00:00
548,245,4,33,548,QC_HOLD,404,1,2025-01-10 12:00:00
549,54,5,7,549,QC_HOLD,235,1,2025-01-10 12:00:00
550,295,2,27,550,RESERVED,206,1,2025-01-10 12:00:00
551,453,5,6,551,AVAILABLE,81,1,2025-01-10 12:00:00
552,240,1,15,552,RESERVED,826,1,2025-01-10 12:00:00
553,352,3,39,553,AVAILABLE,990,1,2025-01-10 12:00:00
554,442,4,25,554,QC_HOLD,804,1,2025-01-10 12:00:00
555,156,4,30,555,RESERVED,510,1,2025-01-10 12:00:00
556,266,3,17,556,RESERVED,223,1,2025-01-10 12:00:00
557,335,6,16,557,QC_HOLD,218,1,2025-01-10 12:00:00
558,225,3,16,558,AVAILABLE,977,1,2025-01-10 12:00:00
559,148,8,2,559,QC_HOLD,113,1,2025-01-10 12:00:00
560,364,7,9,560,AVAILABLE,237,1,2025-01-10 12:00:00
561,317,2,36,561,AVAILABLE,168,1,2025-01-10 12:00:00
562,372,3,37,562,AVAILABLE,208,1,2025-01-10 12:00:00
563,28,1,17,563,QC_HOLD,945,1,2025-01-10 12:00:00
564,136,3,31,564,AVAILABLE,157,1,2025-01-10 12:00:00
565,147,8,19,565,QC_HOLD,67,1,2025-01-10 12:00:00
566,334,8,15,566,QC_HOLD,628,1,2025-01-10 12:00:00
567,303,2,35,567,QC_HOLD,920,1,2025-01-10 12:00:00
568,133,5,38,568,AVAILABLE,999,1,2025-01-10 12:00:00
569,140,6,24,569,RESERVED,433,1,2025-01-10 12:00:00
570,141,5,25,570,RESERVED,668,1,2025-01-10 12:00:00
571,236,2,12,571,AVAILABLE,934,1,2025-01-10 12:00:00
572,336,4,22,572,AVAILABLE,560,1,2025-01-10 12:00:00
573,190,4,5,573,AVAILABLE,438,1,2025-01-10 12:00:00
574,331,6,39,574,RESERVED,972,1,2025-01-10 12:00:00
575,197,5,4,575,AVAILABLE,836,1,2025-01-10 12:00:00
576,303,6,20,576,AVAILABLE,891,1,2025-01-10 12:00:00
577,100,3,40,577,RESERVED,443,1,2025-01-10 12:00:00
578,311,2,31,578,RESERVED,851,1,2025-01-10 12:00:00
579,357,2,38,579,QC_HOLD,585,1,2025-01-10 12:00:00
580,19,7,8,580,AVAILABLE,540,1,2025-01-10 12:00:00
581,21,2,33,581,QC_HOLD,926,1,2025-01-10 12:00:00
582,191,5,40,582,AVAILABLE,912,1,2025-01-10 12:00:00
583,310,8,8,583,RESERVED,651,1,2025-01-10 12:00:00
584,123,2,5,584,RESERVED,819,1,2025-01-10 12:00:00
585,275,4,22,585,RESERVED,533,1,2025-01-10 12:00:00
586,246,2,28,586,RESERVED,467,1,2025-01-10 12:00:00
587,89,3,5,587,QC_HOLD,281,1,2025-01-10 12:00:00
588,179,3,21,588,AVAILABLE,411,1,2025-01-10 12:00:00
589,469,3,3,589,AVAILABLE,952,1,2025-01-10 12:00:00
590,337,2,18,590,RESERVED,89,1,2025-01-10 12:00:00
591,368,6,1,591,AVAILABLE,150,1,2025-01-10 12:00:00
592,87,7,24,592,RESERVED,0,1,2025-01-10 12:00:00
593,289,3,35,593,AVAILABLE,843,1,2025-01-10 12:00:00
594,266,5,23,594,RESERVED,737,1,2025-01-10 12:00:00
595,205,4,35,595,QC_HOLD,496,1,2025-01-10 12:00:00
596,159,3,32,596,AVAILABLE,577,1,2025-01-10 12:00:00
597,293,3,34,597,RESERVED,1000,1,2025-01-10 12:00:00
598,447,3,39,598,AVAILABLE,865,1,2025-01-10 12:00:00
599,45,5,15,599,RESERVED,180,1,2025-01-10 12:00:00
600,204,3,30,600,RESERVED,208,1,2025-01-10 12:00:00
601,161,4,10,601,AVAILABLE,535,1,2025-01-10 12:00:00
602,370,7,23,602,AVAILABLE,284,1,2025-01-10 12:00:00
603,381,1,32,603,AVAILABLE,540,1,2025-01-10 12:00:00
604,463,2,13,604,AVAILABLE,114,1,2025-01-10 12:00:00
605,308,6,40,605,QC_HOLD,105,1,2025-01-10 12:00:00
606,355,3,30,606,QC_HOLD,789,1,2025-01-10 12:00:00
607,306,3,34,607,RESERVED,855,1,2025-01-10 12:00:00
608,243,3,23,608,RESERVED,936,1,2025-01-10 12:00:00
609,255,3,29,609,AVAILABLE,865,1,2025-01-10 12:00:00
610,234,6,12,610,RESERVED,156,1,2025-01-10 12:00:00
611,344,4,24,611,RESERVED,834,1,2025-01-10 12:00:00
612,72,2,17,612,AVAILABLE,829,1,2025-01-10 12:00:00
613,128,3,37,613,RESERVED,318,1,2025-01-10 12:00:00
614,98,1,21,614,QC_HOLD,436,1,2025-01-10 12:00:00
615,346,7,23,615,RESERVED,230,1,2025-01-10 12:00:00
616,107,2,4,616,RESERVED,682,1,2025-01-10 12:00:00
617,180,6,11,617,RESERVED,64,1,2025-01-10 12:00:00
618,80,1,14,618,AVAILABLE,444,1,2025-01-10 12:00:00
619,288,6,36,619,QC_HOLD,734,1,2025-01-10 12:00:00
620,482,3,11,620,AVAILABLE,713,1,2025-01-10 12:00:00
621,17,4,27,621,RESERVED,586,1,2025-01-10 12:00:00
622,214,7,3,622,RESERVED,185,1,2025-01-10 12:00:00
623,477,8,33,623,RESERVED,819,1,2025-01-10 12:00:00
624,427,4,24,624,RESERVED,638,1,2025-01-10 12:00:00
625,410,1,16,625,RESERVED,285,1,2025-01-10 12:00:00
626,211,2,26,626,QC_HOLD,746,1,2025-01-10 12:00:00
627,451,5,28,627,QC_HOLD,38,1,2025-01-10 12:00:00
628,319,3,17,628,QC_HOLD,260,1,2025-01-10 12:00:00
629,34,2,21,629,RESERVED,764,1,2025-01-10 12:00:00
630,287,7,36,630,RESERVED,52,1,2025-01-10 12:00:00
631,236,8,6,631,AVAILABLE,293,1,2025-01-10 12:00:00
632,429,1,34,632,QC_HOLD,713,1,2025-01-10 12:00:00
633,132,8,21,633,RESERVED,399,1,2025-01-10 12:00:00
634,443,2,5,634,AVAILABLE,390,1,2025-01-10 12:00:00
635,53,2,20,635,QC_HOLD,300,1,2025-01-10 12:00:00
636,499,3,9,636,QC_HOLD,503,1,2025-01-10 12:00:00
637,149,6,14,637,AVAILABLE,362,1,2025-01-10 12:00:00
638,248,3,23,638,QC_HOLD,811,1,2025-01-10 12:00:00
639,59,1,7,639,QC_HOLD,289,1,2025-01-10 12:00:00
640,352,6,25,640,RESERVED,78,1,2025-01-10 12:00:00
641,139,6,19,641,AVAILABLE,533,1,2025-01-10 12:00:00
642,412,3,37,642,AVAILABLE,539,1,2025-01-10 12:00:00
643,159,3,26,643,RESERVED,41,1,2025-01-10 12:00:00
644,496,3,37,644,AVAILABLE,569,1,2025-01-10 12:00:00
645,112,4,12,645,QC_HOLD,439,1,2025-01-10 12:00:00
646,360,6,4,646,RESERVED,822,1,2025-01-10 12:00:00
647,345,5,34,647,RESERVED,223,1,2025-01-10 12:00:00
648,482,7,11,648,AVAILABLE,347,1,2025-01-10 12:00:00
649,31,6,16,649,RESERVED,404,1,2025-01-10 12:00:00
650,232,7,31,650,RESERVED,406,1,2025-01-10 12:00:00
651,351,6,29,651,QC_HOLD,707,1,2025-01-10 12:00:00
652,293,2,13,652,AVAILABLE,442,1,2025-01-10 12:00:00
653,212,5,11,653,RESERVED,472,1,2025-01-10 12:00:00
654,34,8,8,654,QC_HOLD,760,1,2025-01-10 12:00:00
655,430,3,6,655,AVAILABLE,528,1,2025-01-10 12:00:00
656,19,8,6,656,QC_HOLD,208,1,2025-01-10 12:00:00
657,19,2,10,657,RESERVED,366,1,2025-01-10 12:00:00
658,113,4,16,658,QC_HOLD,59,1,2025-01-10 12:00:00
659,382,3,25,659,QC_HOLD,865,1,2025-01-10 12:00:00
660,61,1,27,660,AVAILABLE,84,1,2025-01-10 12:00:00
661,68,3,29,661,RESERVED,959,1,2025-01-10 12:00:00
662,488,4,6,662,QC_HOLD,529,1,2025-01-10 12:00:00
663,413,4,20,663,AVAILABLE,137,1,2025-01-10 12:00:00
664,30,5,1,664,RESERVED,792,1,2025-01-10 12:00:00
665,499,7,17,665,QC_HOLD,877,1,2025-01-10 12:00:00
666,484,4,11,666,AVAILABLE,469,1,2025-01-10 12:00:00
667,11,4,37,667,RESERVED,720,1,2025-01-10 12:00:00
668,26,7,7,668,RESERVED,618,1,2025-01-10 12:00:00
669,85,3,33,669,QC_HOLD,484,1,2025-01-10 12:00:00
670,187,5,7,670,AVAILABLE,660,1,2025-01-10 12:00:00
671,336,7,8,671,QC_HOLD,200,1,2025-01-10 12:00:00
672,313,1,25,672,RESERVED,80,1,2025-01-10 12:00:00
673,45,3,29,673,AVAILABLE,959,1,2025-01-10 12:00:00
674,227,5,26,674,QC_HOLD,116,1,2025-01-10 12:00:00
675,353,2,33,675,RESERVED,302,1,2025-01-10 12:00:00
676,23,8,8,676,QC_HOLD,181,1,2025-01-10 12:00:00
677,489,8,14,677,QC_HOLD,306,1,2025-01-10 12:00:00
678,124,5,34,678,RESERVED,820,1,2025-01-10 12:00:00
679,221,2,2,679,RESERVED,432,1,2025-01-10 12:00:00
680,177,1,2,680,AVAILABLE,703,1,2025-01-10 12:00:00
681,489,1,5,681,AVAILABLE,22,1,2025-01-10 12:00:00
682,42,8,40,682,RESERVED,914,1,2025-01-10 12:00:00
683,29,1,24,683,AVAILABLE,877,1,2025-01-10 12:00:00
684,340,2,24,684,QC_HOLD,75,1,2025-01-10 12:00:00
685,470,5,3,685,QC_HOLD,78,1,2025-01-10 12:00:00
686,152,2,5,686,RESERVED,688,1,2025-01-10 12:00:00
687,434,6,30,687,QC_HOLD,459,1,2025-01-10 12:00:00
688,49,8,23,688,QC_HOLD,774,1,2025-01-10 12:00:00
689,66,4,21,689,QC_HOLD,622,1,2025-01-10 12:00:00
690,301,2,32,690,RESERVED,281,1,2025-01-10 12:00:00
691,435,3,13,691,RESERVED,54,1,2025-01-10 12:00:00
692,500,7,22,692,RESERVED,974,1,2025-01-10 12:00:00
693,350,6,6,693,AVAILABLE,274,1,2025-01-10 12:00:00
694,484,2,12,694,QC_HOLD,430,1,2025-01-10 12:00:00
695,162,2,21,695,AVAILABLE,296,1,2025-01-10 12:00:00
696,285,5,22,696,AVAILABLE,595,1,2025-01-10 12:00:00
697,284,8,19,697,QC_HOLD,245,1,2025-01-10 12:00:00
698,91,7,36,698,QC_HOLD,778,1,2025-01-10 12:00:00
699,336,1,40,699,AVAILABLE,894,1,2025-01-10 12:00:00
700,17,3,2,700,RESERVED,943,1,2025-01-10 12:00:00
701,488,7,32,701,QC_HOLD,25,1,2025-01-10 12:00:00
702,320,3,18,702,RESERVED,799,1,2025-01-10 12:00:00
703,111,8,4,703,AVAILABLE,356,1,2025-01-10 12:00:00
704,397,5,28,704,AVAILABLE,174,1,2025-01-10 12:00:00
705,398,4,15,705,QC_HOLD,822,1,2025-01-10 12:00:00
706,77,7,7,706,RESERVED,779,1,2025-01-10 12:00:00
707,471,8,12,707,AVAILABLE,846,1,2025-01-10 12:00:00
708,322,4,4,708,AVAILABLE,599,1,2025-01-10 12:00:00
709,12,6,3,709,AVAILABLE,529,1,2025-01-10 12:00:00
710,419,4,6,710,QC_HOLD,216,1,2025-01-10 12:00:00
711,35,7,6,711,AVAILABLE,647,1,2025-01-10 12:00:00
712,178,2,29,712,AVAILABLE,743,1,2025-01-10 12:00:00
713,47,5,33,713,QC_HOLD,924,1,2025-01-10 12:00:00
714,103,8,40,714,RESERVED,659,1,2025-01-10 12:00:00
715,98,5,17,715,QC_HOLD,129,1,2025-01-10 12:00:00
716,52,4,34,716,AVAILABLE,205,1,2025-01-10 12:00:00
717,468,1,10,717,QC_HOLD,209,1,2025-01-10 12:00:00
718,466,1,23,718,RESERVED,528,1,2025-01-10 12:00:00
719,190,5,27,719,QC_HOLD,282,1,2025-01-10 12:00:00
720,257,7,19,720,AVAILABLE,527,1,2025-01-10 12:00:00
721,348,2,38,721,RESERVED,964,1,2025-01-10 12:00:00
722,209,2,37,722,AVAILABLE,39,1,2025-01-10 12:00:00
723,40,6,4,723,RESERVED,242,1,2025-01-10 12:00:00
724,151,7,33,724,QC_HOLD,310,1,2025-01-10 12:00:00
725,498,8,3,725,QC_HOLD,271,1,2025-01-10 12:00:00
726,483,8,22,726,RESERVED,632,1,2025-01-10 12:00:00
727,152,2,16,727,QC_HOLD,530,1,2025-01-10 12:00:00
728,415,6,1,728,QC_HOLD,70,1,2025-01-10 12:00:00
729,465,7,24,729,QC_HOLD,954,1,2025-01-10 12:00:00
730,440,5,19,730,QC_HOLD,1,1,2025-01-10 12:00:00
731,7,5,17,731,RESERVED,626,1,2025-01-10 12:00:00
732,489,6,16,732,QC_HOLD,840,1,2025-01-10 12:00:00
733,294,3,8,733,AVAILABLE,269,1,2025-01-10 12:00:00
734,333,5,6,734,AVAILABLE,618,1,2025-01-10 12:00:00
735,330,3,40,735,RESERVED,426,1,2025-01-10 12:00:00
736,120,2,9,736,QC_HOLD,721,1,2025-01-10 12:00:00
737,462,3,17,737,RESERVED,911,1,2025-01-10 12:00:00
738,468,6,28,738,QC_HOLD,594,1,2025-01-10 12:00:00
739,3,7,11,739,QC_HOLD,514,1,2025-01-10 12:00:00
740,462,5,19,740,QC_HOLD,957,1,2025-01-10 12:00:00
741,337,5,37,741,QC_HOLD,893,1,2025-01-10 12:00:00
742,246,1,40,742,RESERVED,146,1,2025-01-10 12:00:00
743,133,7,21,743,RESERVED,150,1,2025-01-10 12:00:00
744,196,6,35,744,AVAILABLE,362,1,2025-01-10 12:00:00
745,315,4,15,745,RESERVED,570,1,2025-01-10 12:00:00
746,62,7,39,746,AVAILABLE,39,1,2025-01-10 12:00:00
747,361,6,20,747,RESERVED,917,1,2025-01-10 12:00:00
748,262,7,24,748,AVAILABLE,279,1,2025-01-10 12:00:00
749,432,5,6,749,QC_HOLD,153,1,2025-01-10 12:00:00
750,51,4,32,750,AVAILABLE,512,1,2025-01-10 12:00:00
751,448,6,8,751,QC_HOLD,739,1,2025-01-10 12:00:00
752,393,5,25,752,QC_HOLD,746,1,2025-01-10 12:00:00
753,336,2,8,753,QC_HOLD,733,1,2025-01-10 12:00:00
754,487,5,17,754,QC_HOLD,499,1,2025-01-10 12:00:00
755,94,4,27,755,AVAILABLE,366,1,2025-01-10 12:00:00
756,401,3,7,756,QC_HOLD,693,1,2025-01-10 12:00:00
757,453,6,17,757,QC_HOLD,291,1,2025-01-10 12:00:00
758,180,7,34,758,AVAILABLE,472,1,2025-01-10 12:00:00
759,39,2,9,759,AVAILABLE,821,1,2025-01-10 12:00:00
760,455,5,4,760,QC_HOLD,894,1,2025-01-10 12:00:00
761,278,5,4,761,QC_HOLD,734,1,2025-01-10 12:00:00
762,214,2,17,762,RESERVED,569,1,2025-01-10 12:00:00
763,494,5,3,763,QC_HOLD,549,1,2025-01-10 12:00:00
764,164,2,25,764,QC_HOLD,893,1,2025-01-10 12:00:00
765,391,6,16,765,AVAILABLE,476,1,2025-01-10 12:00:00
766,23,7,22,766,RESERVED,745,1,2025-01-10 12:00:00
767,225,8,38,767,AVAILABLE,932,1,2025-01-10 12:00:00
768,320,3,39,768,RESERVED,307,1,2025-01-10 12:00:00
769,405,1,22,769,AVAILABLE,590,1,2025-01-10 12:00:00
770,124,3,9,770,AVAILABLE,344,1,2025-01-10 12:00:00
771,314,8,31,771,QC_HOLD,222,1,2025-01-10 12:00:00
772,479,3,11,772,QC_HOLD,530,1,2025-01-10 12:00:00
773,31,8,15,773,AVAILABLE,167,1,2025-01-10 12:00:00
774,122,5,17,774,AVAILABLE,180,1,2025-01-10 12:00:00
775,396,1,24,775,AVAILABLE,357,1,2025-01-10 12:00:00
776,429,6,26,776,RESERVED,202,1,2025-01-10 12:00:00
777,113,8,32,777,RESERVED,106,1,2025-01-10 12:00:00
778,152,4,4,778,AVAILABLE,753,1,2025-01-10 12:00:00
779,378,6,25,779,QC_HOLD,814,1,2025-01-10 12:00:00
780,82,5,12,780,AVAILABLE,17,1,2025-01-10 12:00:00
781,483,8,5,781,QC_HOLD,505,1,2025-01-10 12:00:00
782,375,3,22,782,RESERVED,439,1,2025-01-10 12:00:00
783,13,1,34,783,AVAILABLE,436,1,2025-01-10 12:00:00
784,245,1,17,784,RESERVED,391,1,2025-01-10 12:00:00
785,183,1,14,785,RESERVED,636,1,2025-01-10 12:00:00
786,415,7,31,786,RESERVED,681,1,2025-01-10 12:00:00
787,149,8,38,787,RESERVED,517,1,2025-01-10 12:00:00
788,221,3,40,788,RESERVED,85,1,2025-01-10 12:00:00
789,174,2,11,789,RESERVED,31,1,2025-01-10 12:00:00
790,33,5,38,790,QC_HOLD,330,1,2025-01-10 12:00:00
791,229,3,28,791,RESERVED,530,1,2025-01-10 12:00:00
792,91,5,6,792,AVAILABLE,528,1,2025-01-10 12:00:00
793,438,8,13,793,QC_HOLD,604,1,2025-01-10 12:00:00
794,48,1,4,794,QC_HOLD,845,1,2025-01-10 12:00:00
795,48,7,15,795,RESERVED,389,1,2025-01-10 12:00:00
796,49,5,3,796,QC_HOLD,367,1,2025-01-10 12:00:00
797,313,6,39,797,AVAILABLE,637,1,2025-01-10 12:00:00
798,143,1,23,798,RESERVED,678,1,2025-01-10 12:00:00
799,209,1,23,799,QC_HOLD,307,1,2025-01-10 12:00:00
800,286,5,26,800,RESERVED,761,1,2025-01-10 12:00:00
801,79,7,30,801,QC_HOLD,363,1,2025-01-10 12:00:00
802,428,4,35,802,RESERVED,430,1,2025-01-10 12:00:00
803,441,8,36,803,RESERVED,593,1,2025-01-10 12:00:00
804,248,5,13,804,AVAILABLE,79,1,2025-01-10 12:00:00
805,418,1,25,805,QC_HOLD,327,1,2025-01-10 12:00:00
806,244,8,18,806,AVAILABLE,364,1,2025-01-10 12:00:00
807,146,4,14,807,AVAILABLE,914,1,2025-01-10 12:00:00
808,311,5,11,808,QC_HOLD,529,1,2025-01-10 12:00:00
809,396,3,30,809,RESERVED,448,1,2025-01-10 12:00:00
810,444,2,30,810,AVAILABLE,471,1,2025-01-10 12:00:00
811,44,6,18,811,AVAILABLE,653,1,2025-01-10 12:00:00
812,342,6,13,812,QC_HOLD,19,1,2025-01-10 12:00:00
813,1,7,10,813,QC_HOLD,434,1,2025-01-10 12:00:00
814,229,8,16,814,AVAILABLE,931,1,2025-01-10 12:00:00
815,158,6,34,815,AVAILABLE,120,1,2025-01-10 12:00:00
816,303,5,4,816,RESERVED,724,1,2025-01-10 12:00:00
817,111,8,22,817,RESERVED,316,1,2025-01-10 12:00:00
818,289,3,10,818,AVAILABLE,47,1,2025-01-10 12:00:00
819,414,4,13,819,RESERVED,659,1,2025-01-10 12:00:00
820,119,1,20,820,RESERVED,325,1,2025-01-10 12:00:00
821,383,7,7,821,AVAILABLE,455,1,2025-01-10 12:00:00
822,474,3,26,822,QC_HOLD,362,1,2025-01-10 12:00:00
823,40,3,14,823,RESERVED,197,1,2025-01-10 12:00:00
824,316,6,23,824,RESERVED,743,1,2025-01-10 12:00:00
825,495,4,14,825,AVAILABLE,249,1,2025-01-10 12:00:00
826,206,1,21,826,AVAILABLE,660,1,2025-01-10 12:00:00
827,323,5,19,827,RESERVED,144,1,2025-01-10 12:00:00
828,278,7,20,828,RESERVED,493,1,2025-01-10 12:00:00
829,427,2,35,829,RESERVED,553,1,2025-01-10 12:00:00
830,120,2,35,830,AVAILABLE,788,1,2025-01-10 12:00:00
831,283,7,14,831,RESERVED,710,1,2025-01-10 12:00:00
832,436,8,23,832,RESERVED,870,1,2025-01-10 12:00:00
833,178,4,10,833,AVAILABLE,528,1,2025-01-10 12:00:00
834,48,7,18,834,RESERVED,3,1,2025-01-10 12:00:00
835,25,1,27,835,AVAILABLE,501,1,2025-01-10 12:00:00
836,63,8,6,836,QC_HOLD,264,1,2025-01-10 12:00:00
837,447,3,14,837,RESERVED,298,1,2025-01-10 12:00:00
838,359,2,16,838,QC_HOLD,562,1,2025-01-10 12:00:00
839,496,2,2,839,RESERVED,753,1,2025-01-10 12:00:00
840,266,5,7,840,QC_HOLD,503,1,2025-01-10 12:00:00
841,313,8,37,841,AVAILABLE,11,1,2025-01-10 12:00:00
842,499,8,7,842,QC_HOLD,481,1,2025-01-10 12:00:00
843,419,3,34,843,QC_HOLD,149,1,2025-01-10 12:00:00
844,469,7,35,844,AVAILABLE,245,1,2025-01-10 12:00:00
845,416,5,16,845,RESERVED,308,1,2025-01-10 12:00:00
846,283,8,36,846,QC_HOLD,392,1,2025-01-10 12:00:00
847,281,2,29,847,RESERVED,986,1,2025-01-10 12:00:00
848,210,8,1,848,QC_HOLD,580,1,2025-01-10 12:00:00
849,441,1,33,849,AVAILABLE,559,1,2025-01-10 12:00:00
850,129,4,8,850,RESERVED,772,1,2025-01-10 12:00:00
851,34,5,38,851,AVAILABLE,77,1,2025-01-10 12:00:00
852,237,8,29,852,AVAILABLE,999,1,2025-01-10 12:00:00
853,363,2,23,853,QC_HOLD,964,1,2025-01-10 12:00:00
854,459,6,2,854,RESERVED,180,1,2025-01-10 12:00:00
855,96,8,18,855,QC_HOLD,637,1,2025-01-10 12:00:00
856,435,1,1,856,QC_HOLD,895,1,2025-01-10 12:00:00
857,22,6,23,857,RESERVED,852,1,2025-01-10 12:00:00
858,311,4,33,858,QC_HOLD,961,1,2025-01-10 12:00:00
859,468,4,31,859,QC_HOLD,51,1,2025-01-10 12:00:00
860,290,4,19,860,RESERVED,165,1,2025-01-10 12:00:00
861,9,2,17,861,RESERVED,521,1,2025-01-10 12:00:00
862,44,7,4,862,RESERVED,612,1,2025-01-10 12:00:00
863,92,1,4,863,RESERVED,690,1,2025-01-10 12:00:00
864,345,2,12,864,RESERVED,817,1,2025-01-10 12:00:00
865,436,6,13,865,AVAILABLE,941,1,2025-01-10 12:00:00
866,122,1,10,866,AVAILABLE,547,1,2025-01-10 12:00:00
867,186,3,1,867,AVAILABLE,984,1,2025-01-10 12:00:00
868,249,1,28,868,RESERVED,998,1,2025-01-10 12:00:00
869,63,4,33,869,QC_HOLD,70,1,2025-01-10 12:00:00
870,455,5,21,870,RESERVED,216,1,2025-01-10 12:00:00
871,487,6,32,871,QC_HOLD,992,1,2025-01-10 12:00:00
872,41,8,20,872,AVAILABLE,893,1,2025-01-10 12:00:00
873,342,4,32,873,QC_HOLD,427,1,2025-01-10 12:00:00
874,358,6,40,874,QC_HOLD,393,1,2025-01-10 12:00:00
875,191,2,25,875,AVAILABLE,550,1,2025-01-10 12:00:00
876,490,7,36,876,RESERVED,405,1,2025-01-10 12:00:00
877,448,3,36,877,QC_HOLD,26,1,2025-01-10 12:00:00
878,182,7,2,878,AVAILABLE,680,1,2025-01-10 12:00:00
879,442,2,11,879,QC_HOLD,360,1,2025-01-10 12:00:00
880,157,6,16,880,QC_HOLD,323,1,2025-01-10 12:00:00
881,468,2,7,881,RESERVED,229,1,2025-01-10 12:00:00
882,223,8,8,882,AVAILABLE,899,1,2025-01-10 12:00:00
883,257,5,10,883,RESERVED,542,1,2025-01-10 12:00:00
884,231,8,18,884,QC_HOLD,857,1,2025-01-10 12:00:00
885,388,2,40,885,QC_HOLD,995,1,2025-01-10 12:00:00
886,365,7,37,886,QC_HOLD,913,1,2025-01-10 12:00:00
887,383,2,13,887,RESERVED,164,1,2025-01-10 12:00:00
888,75,4,1,888,AVAILABLE,504,1,2025-01-10 12:00:00
889,410,7,36,889,AVAILABLE,800,1,2025-01-10 12:00:00
890,153,4,21,890,QC_HOLD,641,1,2025-01-10 12:00:00
891,40,7,37,891,RESERVED,857,1,2025-01-10 12:00:00
892,209,3,40,892,RESERVED,439,1,2025-01-10 12:00:00
893,341,8,9,893,RESERVED,130,1,2025-01-10 12:00:00
894,450,3,14,894,QC_HOLD,434,1,2025-01-10 12:00:00
895,104,1,30,895,AVAILABLE,117,1,2025-01-10 12:00:00
896,307,3,40,896,RESERVED,303,1,2025-01-10 12:00:00
897,268,5,39,897,AVAILABLE,496,1,2025-01-10 12:00:00
898,391,1,26,898,QC_HOLD,715,1,2025-01-10 12:00:00
899,289,8,19,899,RESERVED,168,1,2025-01-10 12:00:00
900,187,2,25,900,QC_HOLD,228,1,2025-01-10 12:00:00
901,43,3,6,901,AVAILABLE,459,1,2025-01-10 12:00:00
902,149,5,7,902,AVAILABLE,92,1,2025-01-10 12:00:00
903,146,1,14,903,RESERVED,424,1,2025-01-10 12:00:00
904,8,6,18,904,RESERVED,716,1,2025-01-10 12:00:00
905,358,6,33,905,QC_HOLD,717,1,2025-01-10 12:00:00
906,257,2,4,906,QC_HOLD,224,1,2025-01-10 12:00:00
907,188,5,32,907,QC_HOLD,627,1,2025-01-10 12:00:00
908,263,4,35,908,RESERVED,463,1,2025-01-10 12:00:00
909,226,1,11,909,AVAILABLE,779,1,2025-01-10 12:00:00
910,193,7,3,910,QC_HOLD,941,1,2025-01-10 12:00:00
911,290,2,23,911,RESERVED,272,1,2025-01-10 12:00:00
912,265,1,26,912,RESERVED,416,1,2025-01-10 12:00:00
913,401,7,28,913,QC_HOLD,648,1,2025-01-10 12:00:00
914,384,1,31,914,QC_HOLD,8,1,2025-01-10 12:00:00
915,134,5,22,915,AVAILABLE,860,1,2025-01-10 12:00:00
916,59,8,25,916,AVAILABLE,604,1,2025-01-10 12:00:00
917,35,8,18,917,AVAILABLE,299,1,2025-01-10 12:00:00
918,30,3,32,918,RESERVED,517,1,2025-01-10 12:00:00
919,463,2,29,919,RESERVED,339,1,2025-01-10 12:00:00
920,395,4,4,920,QC_HOLD,963,1,2025-01-10 12:00:00
921,302,3,28,921,QC_HOLD,586,1,2025-01-10 12:00:00
922,201,1,31,922,AVAILABLE,100,1,2025-01-10 12:00:00
923,371,8,19,923,RESERVED,246,1,2025-01-10 12:00:00
924,479,1,40,924,AVAILABLE,888,1,2025-01-10 12:00:00
925,402,1,20,925,AVAILABLE,79,1,2025-01-10 12:00:00
926,345,8,1,926,AVAILABLE,450,1,2025-01-10 12:00:00
927,53,7,3,927,RESERVED,161,1,2025-01-10 12:00:00
928,127,4,34,928,RESERVED,281,1,2025-01-10 12:00:00
929,316,2,13,929,QC_HOLD,95,1,2025-01-10 12:00:00
930,234,7,14,930,RESERVED,424,1,2025-01-10 12:00:00
931,74,7,1,931,RESERVED,558,1,2025-01-10 12:00:00
932,450,2,35,932,QC_HOLD,223,1,2025-01-10 12:00:00
933,117,5,30,933,AVAILABLE,339,1,2025-01-10 12:00:00
934,202,2,28,934,RESERVED,462,1,2025-01-10 12:00:00
935,427,1,26,935,AVAILABLE,262,1,2025-01-10 12:00:00
936,333,8,28,936,QC_HOLD,247,1,2025-01-10 12:00:00
937,484,1,16,937,RESERVED,362,1,2025-01-10 12:00:00
938,317,5,26,938,AVAILABLE,384,1,2025-01-10 12:00:00
939,329,4,35,939,QC_HOLD,109,1,2025-01-10 12:00:00
940,225,2,40,940,QC_HOLD,758,1,2025-01-10 12:00:00
941,245,2,9,941,QC_HOLD,331,1,2025-01-10 12:00:00
942,160,8,12,942,AVAILABLE,1000,1,2025-01-10 12:00:00
943,246,3,2,943,QC_HOLD,636,1,2025-01-10 12:00:00
944,52,7,8,944,AVAILABLE,655,1,2025-01-10 12:00:00
945,401,3,1,945,QC_HOLD,931,1,2025-01-10 12:00:00
946,374,7,1,946,RESERVED,399,1,2025-01-10 12:00:00
947,71,6,38,947,QC_HOLD,564,1,2025-01-10 12:00:00
948,163,8,33,948,AVAILABLE,360,1,2025-01-10 12:00:00
949,196,4,21,949,QC_HOLD,893,1,2025-01-10 12:00:00
950,71,3,28,950,RESERVED,625,1,2025-01-10 12:00:00
951,399,7,9,951,QC_HOLD,967,1,2025-01-10 12:00:00
952,145,6,24,952,RESERVED,766,1,2025-01-10 12:00:00
953,466,2,36,953,RESERVED,917,1,2025-01-10 12:00:00
954,380,3,23,954,RESERVED,850,1,2025-01-10 12:00:00
955,420,6,7,955,RESERVED,415,1,2025-01-10 12:00:00
956,229,5,29,956,AVAILABLE,169,1,2025-01-10 12:00:00
957,131,8,32,957,AVAILABLE,598,1,2025-01-10 12:00:00
958,184,4,4,958,AVAILABLE,130,1,2025-01-10 12:00:00
959,500,4,2,959,RESERVED,431,1,2025-01-10 12:00:00
960,76,8,22,960,QC_HOLD,439,1,2025-01-10 12:00:00
961,50,4,20,961,QC_HOLD,15,1,2025-01-10 12:00:00
962,390,6,36,962,AVAILABLE,651,1,2025-01-10 12:00:00
963,295,6,7,963,AVAILABLE,514,1,2025-01-10 12:00:00
964,343,6,15,964,RESERVED,186,1,2025-01-10 12:00:00
965,46,7,7,965,QC_HOLD,171,1,2025-01-10 12:00:00
966,451,4,24,966,RESERVED,453,1,2025-01-10 12:00:00
967,43,1,36,967,AVAILABLE,463,1,2025-01-10 12:00:00
968,168,5,14,968,QC_HOLD,435,1,2025-01-10 12:00:00
969,352,7,23,969,AVAILABLE,489,1,2025-01-10 12:00:00
970,86,6,30,970,AVAILABLE,237,1,2025-01-10 12:00:00
971,135,2,25,971,RESERVED,476,1,2025-01-10 12:00:00
972,200,1,6,972,QC_HOLD,927,1,2025-01-10 12:00:00
973,147,2,17,973,QC_HOLD,233,1,2025-01-10 12:00:00
974,144,6,13,974,AVAILABLE,658,1,2025-01-10 12:00:00
975,302,4,20,975,RESERVED,958,1,2025-01-10 12:00:00
976,239,8,3,976,AVAILABLE,538,1,2025-01-10 12:00:00
977,302,7,29,977,RESERVED,439,1,2025-01-10 12:00:00
978,167,8,15,978,QC_HOLD,562,1,2025-01-10 12:00:00
979,50,4,5,979,AVAILABLE,897,1,2025-01-10 12:00:00
980,396,2,34,980,RESERVED,316,1,2025-01-10 12:00:00
981,73,8,10,981,AVAILABLE,804,1,2025-01-10 12:00:00
982,125,4,39,982,RESERVED,5,1,2025-01-10 12:00:00
983,194,1,39,983,QC_HOLD,983,1,2025-01-10 12:00:00
984,256,6,36,984,RESERVED,915,1,2025-01-10 12:00:00
985,305,5,17,985,AVAILABLE,287,1,2025-01-10 12:00:00
986,430,5,11,986,RESERVED,2,1,2025-01-10 12:00:00
987,447,4,10,987,AVAILABLE,645,1,2025-01-10 12:00:00
988,388,3,5,988,AVAILABLE,670,1,2025-01-10 12:00:00
989,163,5,22,989,QC_HOLD,1000,1,2025-01-10 12:00:00
990,117,3,31,990,QC_HOLD,360,1,2025-01-10 12:00:00
991,463,3,29,991,AVAILABLE,59,1,2025-01-10 12:00:00
992,291,3,28,992,RESERVED,170,1,2025-01-10 12:00:00
993,170,5,24,993,AVAILABLE,626,1,2025-01-10 12:00:00
994,73,6,16,994,AVAILABLE,320,1,2025-01-10 12:00:00
995,441,1,27,995,QC_HOLD,951,1,2025-01-10 12:00:00
996,315,3,18,996,RESERVED,399,1,2025-01-10 12:00:00
997,14,1,39,997,RESERVED,98,1,2025-01-10 12:00:00
998,341,2,35,998,RESERVED,445,1,2025-01-10 12:00:00
999,98,5,39,999,RESERVED,12,1,2025-01-10 12:00:00
1000,412,8,39,1000,QC_HOLD,784,1,2025-01-10 12:00:00
