PRODUCT_COST_ID,PRODUCT_ID,SITE_ID,COST_TYPE,MATERIAL_COST,LABOR_COST,OVERHEAD_COST,TOTAL_COST,CURRENCY_ID,COSTING_METHOD,EFFECTIVE_DATE,VALID_FROM_TIMESTAMP,VALID_TO_TIMESTAMP,IS_CURRENT_FLAG,CREATED_BY_USER,CREATED_TIMESTAMP,UPDATED_BY_USER,UPDATED_TIMESTAMP
1,1,2,STANDARD,1046.24,74.41,46.87,1167.52,1,STANDARD,2024-01-01,2024-01-01 00:00:00,,True,SYSTEM,2024-01-01 00:00:00,SYSTEM,2024-01-01 00:00:00
2,2,5,STANDARD,1255.27,372.2,46.53,1674.0,1,STANDARD,2024-01-01,2024-01-01 00:00:00,,True,SYSTEM,2024-01-01 00:00:00,SYSTEM,2024-01-01 00:00:00
3,3,5,STANDARD,1995.37,240.8,21.05,2257.22,1,STANDARD,2024-01-01,2024-01-01 00:00:00,,True,SYSTEM,2024-01-01 00:00:00,SYSTEM,2024-01-01 00:00:00
4,4,2,STANDARD,580.73,103.42,151.9,836.05,1,STANDARD,2024-01-01,2024-01-01 00:00:00,,True,SYSTEM,2024-01-01 00:00:00,SYSTEM,2024-01-01 00:00:00
5,5,3,STANDARD,1137.42,117.14,52.2,1306.76,1,STANDARD,2024-01-01,2024-01-01 00:00:00,,True,SYSTEM,2024-01-01 00:00:00,SYSTEM,2024-01-01 00:00:00
6,6,8,STANDARD,537.8,53.43,137.67,728.9,1,STANDARD,2024-01-01,2024-01-01 00:00:00,,True,SYSTEM,2024-01-01 00:00:00,SYSTEM,2024-01-01 00:00:00
7,7,3,STANDARD,923.04,81.13,175.97,1180.14,1,STANDARD,2024-01-01,2024-01-01 00:00:00,,True,SYSTEM,2024-01-01 00:00:00,SYSTEM,2024-01-01 00:00:00
8,8,3,STANDARD,243.09,483.26,5.96,732.31,1,STANDARD,2024-01-01,2024-01-01 00:00:00,,True,SYSTEM,2024-01-01 00:00:00,SYSTEM,2024-01-01 00:00:00
9,9,3,STANDARD,945.35,461.4,53.59,1460.34,1,STANDARD,2024-01-01,2024-01-01 00:00:00,,True,SYSTEM,2024-01-01 00:00:00,SYSTEM,2024-01-01 00:00:00
10,10,4,STANDARD,1938.47,487.32,38.35,2464.14,1,STANDARD,2024-01-01,2024-01-01 00:00:00,,True,SYSTEM,2024-01-01 00:00:00,SYSTEM,2024-01-01 00:00:00
11,11,3,STANDARD,850.85,286.06,47.67,1184.58,1,STANDARD,2024-01-01,2024-01-01 00:00:00,,True,SYSTEM,2024-01-01 00:00:00,SYSTEM,2024-01-01 00:00:00
12,12,3,STANDARD,262.04,153.63,61.61,477.28,1,STANDARD,2024-01-01,2024-01-01 00:00:00,,True,SYSTEM,2024-01-01 00:00:00,SYSTEM,2024-01-01 00:00:00
13,13,6,STANDARD,1482.71,448.51,33.93,1965.15,1,STANDARD,2024-01-01,2024-01-01 00:00:00,,True,SYSTEM,2024-01-01 00:00:00,SYSTEM,2024-01-01 00:00:00
14,14,1,STANDARD,380.51,287.0,186.7,854.21,1,STANDARD,2024-01-01,2024-01-01 00:00:00,,True,SYSTEM,2024-01-01 00:00:00,SYSTEM,2024-01-01 00:00:00
15,15,1,STANDARD,401.81,171.11,144.64,717.56,1,STANDARD,2024-01-01,2024-01-01 00:00:00,,True,SYSTEM,2024-01-01 00:00:00,SYSTEM,2024-01-01 00:00:00
16,16,2,STANDARD,485.73,279.33,166.96,932.02,1,STANDARD,2024-01-01,2024-01-01 00:00:00,,True,SYSTEM,2024-01-01 00:00:00,SYSTEM,2024-01-01 00:00:00
17,17,6,STANDARD,686.43,370.44,160.88,1217.75,1,STANDARD,2024-01-01,2024-01-01 00:00:00,,True,SYSTEM,2024-01-01 00:00:00,SYSTEM,2024-01-01 00:00:00
18,18,2,STANDARD,1419.74,344.54,148.58,1912.86,1,STANDARD,2024-01-01,2024-01-01 00:00:00,,True,SYSTEM,2024-01-01 00:00:00,SYSTEM,2024-01-01 00:00:00
19,19,1,STANDARD,1359.77,82.53,124.26,1566.56,1,STANDARD,2024-01-01,2024-01-01 00:00:00,,True,SYSTEM,2024-01-01 00:00:00,SYSTEM,2024-01-01 00:00:00
20,20,2,STANDARD,1574.29,31.72,53.74,1659.75,1,STANDARD,2024-01-01,2024-01-01 00:00:00,,True,SYSTEM,2024-01-01 00:00:00,SYSTEM,2024-01-01 00:00:00
21,21,3,STANDARD,1564.51,325.31,27.85,1917.67,1,STANDARD,2024-01-01,2024-01-01 00:00:00,,True,SYSTEM,2024-01-01 00:00:00,SYSTEM,2024-01-01 00:00:00
22,22,5,STANDARD,1977.39,454.85,109.96,2542.2,1,STANDARD,2024-01-01,2024-01-01 00:00:00,,True,SYSTEM,2024-01-01 00:00:00,SYSTEM,2024-01-01 00:00:00
23,23,5,STANDARD,1196.17,240.66,33.73,1470.56,1,STANDARD,2024-01-01,2024-01-01 00:00:00,,True,SYSTEM,2024-01-01 00:00:00,SYSTEM,2024-01-01 00:00:00
24,24,6,STANDARD,1294.23,485.25,152.79,1932.27,1,STANDARD,2024-01-01,2024-01-01 00:00:00,,True,SYSTEM,2024-01-01 00:00:00,SYSTEM,2024-01-01 00:00:00
25,25,6,STANDARD,507.98,320.96,6.99,835.93,1,STANDARD,2024-01-01,2024-01-01 00:00:00,,True,SYSTEM,2024-01-01 00:00:00,SYSTEM,2024-01-01 00:00:00
26,26,5,STANDARD,803.97,20.24,67.38,891.59,1,STANDARD,2024-01-01,2024-01-01 00:00:00,,True,SYSTEM,2024-01-01 00:00:00,SYSTEM,2024-01-01 00:00:00
27,27,6,STANDARD,1227.04,172.51,190.78,1590.33,1,STANDARD,2024-01-01,2024-01-01 00:00:00,,True,SYSTEM,2024-01-01 00:00:00,SYSTEM,2024-01-01 00:00:00
28,28,7,STANDARD,66.72,252.2,125.36,444.28,1,STANDARD,2024-01-01,2024-01-01 00:00:00,,True,SYSTEM,2024-01-01 00:00:00,SYSTEM,2024-01-01 00:00:00
29,29,8,STANDARD,1229.37,332.79,90.23,1652.39,1,STANDARD,2024-01-01,2024-01-01 00:00:00,,True,SYSTEM,2024-01-01 00:00:00,SYSTEM,2024-01-01 00:00:00
30,30,1,STANDARD,1796.09,340.37,32.58,2169.04,1,STANDARD,2024-01-01,2024-01-01 00:00:00,,True,SYSTEM,2024-01-01 00:00:00,SYSTEM,2024-01-01 00:00:00
31,31,2,STANDARD,561.97,246.21,66.37,874.55,1,STANDARD,2024-01-01,2024-01-01 00:00:00,,True,SYSTEM,2024-01-01 00:00:00,SYSTEM,2024-01-01 00:00:00
32,32,4,STANDARD,472.37,179.75,99.47,751.59,1,STANDARD,2024-01-01,2024-01-01 00:00:00,,True,SYSTEM,2024-01-01 00:00:00,SYSTEM,2024-01-01 00:00:00
33,33,3,STANDARD,749.3,263.4,120.94,1133.64,1,STANDARD,2024-01-01,2024-01-01 00:00:00,,True,SYSTEM,2024-01-01 00:00:00,SYSTEM,2024-01-01 00:00:00
34,34,2,STANDARD,1627.8,430.08,124.72,2182.6,1,STANDARD,2024-01-01,2024-01-01 00:00:00,,True,SYSTEM,2024-01-01 00:00:00,SYSTEM,2024-01-01 00:00:00
35,35,7,STANDARD,616.93,224.52,45.05,886.5,1,STANDARD,2024-01-01,2024-01-01 00:00:00,,True,SYSTEM,2024-01-01 00:00:00,SYSTEM,2024-01-01 00:00:00
36,36,5,STANDARD,1605.93,67.63,100.75,1774.31,1,STANDARD,2024-01-01,2024-01-01 00:00:00,,True,SYSTEM,2024-01-01 00:00:00,SYSTEM,2024-01-01 00:00:00
37,37,7,STANDARD,1378.83,133.66,105.89,1618.38,1,STANDARD,2024-01-01,2024-01-01 00:00:00,,True,SYSTEM,2024-01-01 00:00:00,SYSTEM,2024-01-01 00:00:00
38,38,7,STANDARD,797.29,366.44,145.92,1309.65,1,STANDARD,2024-01-01,2024-01-01 00:00:00,,True,SYSTEM,2024-01-01 00:00:00,SYSTEM,2024-01-01 00:00:00
39,39,8,STANDARD,86.42,371.55,78.85,536.82,1,STANDARD,2024-01-01,2024-01-01 00:00:00,,True,SYSTEM,2024-01-01 00:00:00,SYSTEM,2024-01-01 00:00:00
40,40,3,STANDARD,217.69,459.0,170.48,847.17,1,STANDARD,2024-01-01,2024-01-01 00:00:00,,True,SYSTEM,2024-01-01 00:00:00,SYSTEM,2024-01-01 00:00:00
41,41,3,STANDARD,678.34,259.51,23.21,961.06,1,STANDARD,2024-01-01,2024-01-01 00:00:00,,True,SYSTEM,2024-01-01 00:00:00,SYSTEM,2024-01-01 00:00:00
42,42,3,STANDARD,75.61,296.3,21.5,393.41,1,STANDARD,2024-01-01,2024-01-01 00:00:00,,True,SYSTEM,2024-01-01 00:00:00,SYSTEM,2024-01-01 00:00:00
43,43,1,STANDARD,573.31,364.06,137.83,1075.2,1,STANDARD,2024-01-01,2024-01-01 00:00:00,,True,SYSTEM,2024-01-01 00:00:00,SYSTEM,2024-01-01 00:00:00
44,44,3,STANDARD,1172.04,265.7,162.02,1599.76,1,STANDARD,2024-01-01,2024-01-01 00:00:00,,True,SYSTEM,2024-01-01 00:00:00,SYSTEM,2024-01-01 00:00:00
45,45,3,STANDARD,736.28,281.47,164.64,1182.39,1,STANDARD,2024-01-01,2024-01-01 00:00:00,,True,SYSTEM,2024-01-01 00:00:00,SYSTEM,2024-01-01 00:00:00
46,46,6,STANDARD,191.66,231.44,88.16,511.26,1,STANDARD,2024-01-01,2024-01-01 00:00:00,,True,SYSTEM,2024-01-01 00:00:00,SYSTEM,2024-01-01 00:00:00
47,47,7,STANDARD,1021.95,229.2,184.53,1435.68,1,STANDARD,2024-01-01,2024-01-01 00:00:00,,True,SYSTEM,2024-01-01 00:00:00,SYSTEM,2024-01-01 00:00:00
48,48,6,STANDARD,1954.89,371.08,78.07,2404.04,1,STANDARD,2024-01-01,2024-01-01 00:00:00,,True,SYSTEM,2024-01-01 00:00:00,SYSTEM,2024-01-01 00:00:00
49,49,7,STANDARD,895.78,109.53,179.24,1184.55,1,STANDARD,2024-01-01,2024-01-01 00:00:00,,True,SYSTEM,2024-01-01 00:00:00,SYSTEM,2024-01-01 00:00:00
50,50,8,STANDARD,1244.43,10.74,139.53,1394.7,1,STANDARD,2024-01-01,2024-01-01 00:00:00,,True,SYSTEM,2024-01-01 00:00:00,SYSTEM,2024-01-01 00:00:00
51,51,6,STANDARD,1964.4,254.93,105.09,2324.42,1,STANDARD,2024-01-01,2024-01-01 00:00:00,,True,SYSTEM,2024-01-01 00:00:00,SYSTEM,2024-01-01 00:00:00
52,52,1,STANDARD,1058.58,144.55,28.36,1231.49,1,STANDARD,2024-01-01,2024-01-01 00:00:00,,True,SYSTEM,2024-01-01 00:00:00,SYSTEM,2024-01-01 00:00:00
53,53,8,STANDARD,83.2,337.13,109.74,530.07,1,STANDARD,2024-01-01,2024-01-01 00:00:00,,True,SYSTEM,2024-01-01 00:00:00,SYSTEM,2024-01-01 00:00:00
54,54,8,STANDARD,1946.0,182.44,32.17,2160.61,1,STANDARD,2024-01-01,2024-01-01 00:00:00,,True,SYSTEM,2024-01-01 00:00:00,SYSTEM,2024-01-01 00:00:00
55,55,1,STANDARD,626.98,366.09,77.39,1070.46,1,STANDARD,2024-01-01,2024-01-01 00:00:00,,True,SYSTEM,2024-01-01 00:00:00,SYSTEM,2024-01-01 00:00:00
56,56,3,STANDARD,318.4,286.83,61.59,666.82,1,STANDARD,2024-01-01,2024-01-01 00:00:00,,True,SYSTEM,2024-01-01 00:00:00,SYSTEM,2024-01-01 00:00:00
57,57,4,STANDARD,1477.04,24.76,113.66,1615.46,1,STANDARD,2024-01-01,2024-01-01 00:00:00,,True,SYSTEM,2024-01-01 00:00:00,SYSTEM,2024-01-01 00:00:00
58,58,5,STANDARD,56.27,296.18,59.3,411.75,1,STANDARD,2024-01-01,2024-01-01 00:00:00,,True,SYSTEM,2024-01-01 00:00:00,SYSTEM,2024-01-01 00:00:00
59,59,8,STANDARD,1990.55,288.15,57.01,2335.71,1,STANDARD,2024-01-01,2024-01-01 00:00:00,,True,SYSTEM,2024-01-01 00:00:00,SYSTEM,2024-01-01 00:00:00
60,60,7,STANDARD,1250.51,490.14,174.86,1915.51,1,STANDARD,2024-01-01,2024-01-01 00:00:00,,True,SYSTEM,2024-01-01 00:00:00,SYSTEM,2024-01-01 00:00:00
61,61,7,STANDARD,1095.45,473.37,197.28,1766.1,1,STANDARD,2024-01-01,2024-01-01 00:00:00,,True,SYSTEM,2024-01-01 00:00:00,SYSTEM,2024-01-01 00:00:00
62,62,4,STANDARD,1001.59,494.5,199.89,1695.98,1,STANDARD,2024-01-01,2024-01-01 00:00:00,,True,SYSTEM,2024-01-01 00:00:00,SYSTEM,2024-01-01 00:00:00
63,63,2,STANDARD,67.03,427.78,144.22,639.03,1,STANDARD,2024-01-01,2024-01-01 00:00:00,,True,SYSTEM,2024-01-01 00:00:00,SYSTEM,2024-01-01 00:00:00
64,64,3,STANDARD,991.84,63.92,159.15,1214.91,1,STANDARD,2024-01-01,2024-01-01 00:00:00,,True,SYSTEM,2024-01-01 00:00:00,SYSTEM,2024-01-01 00:00:00
65,65,2,STANDARD,218.69,106.95,56.43,382.07,1,STANDARD,2024-01-01,2024-01-01 00:00:00,,True,SYSTEM,2024-01-01 00:00:00,SYSTEM,2024-01-01 00:00:00
66,66,5,STANDARD,1283.66,300.2,44.66,1628.52,1,STANDARD,2024-01-01,2024-01-01 00:00:00,,True,SYSTEM,2024-01-01 00:00:00,SYSTEM,2024-01-01 00:00:00
67,67,6,STANDARD,1290.06,320.0,21.3,1631.36,1,STANDARD,2024-01-01,2024-01-01 00:00:00,,True,SYSTEM,2024-01-01 00:00:00,SYSTEM,2024-01-01 00:00:00
68,68,8,STANDARD,1920.84,207.69,154.93,2283.46,1,STANDARD,2024-01-01,2024-01-01 00:00:00,,True,SYSTEM,2024-01-01 00:00:00,SYSTEM,2024-01-01 00:00:00
69,69,8,STANDARD,248.45,90.13,146.77,485.35,1,STANDARD,2024-01-01,2024-01-01 00:00:00,,True,SYSTEM,2024-01-01 00:00:00,SYSTEM,2024-01-01 00:00:00
70,70,5,STANDARD,1178.02,421.26,139.55,1738.83,1,STANDARD,2024-01-01,2024-01-01 00:00:00,,True,SYSTEM,2024-01-01 00:00:00,SYSTEM,2024-01-01 00:00:00
71,71,1,STANDARD,364.89,123.38,110.88,599.15,1,STANDARD,2024-01-01,2024-01-01 00:00:00,,True,SYSTEM,2024-01-01 00:00:00,SYSTEM,2024-01-01 00:00:00
72,72,4,STANDARD,1092.39,403.83,68.57,1564.79,1,STANDARD,2024-01-01,2024-01-01 00:00:00,,True,SYSTEM,2024-01-01 00:00:00,SYSTEM,2024-01-01 00:00:00
73,73,8,STANDARD,1431.3,160.47,99.31,1691.08,1,STANDARD,2024-01-01,2024-01-01 00:00:00,,True,SYSTEM,2024-01-01 00:00:00,SYSTEM,2024-01-01 00:00:00
74,74,6,STANDARD,154.09,450.81,71.18,676.08,1,STANDARD,2024-01-01,2024-01-01 00:00:00,,True,SYSTEM,2024-01-01 00:00:00,SYSTEM,2024-01-01 00:00:00
75,75,3,STANDARD,1084.87,248.46,132.45,1465.78,1,STANDARD,2024-01-01,2024-01-01 00:00:00,,True,SYSTEM,2024-01-01 00:00:00,SYSTEM,2024-01-01 00:00:00
76,76,8,STANDARD,1047.13,104.18,48.34,1199.65,1,STANDARD,2024-01-01,2024-01-01 00:00:00,,True,SYSTEM,2024-01-01 00:00:00,SYSTEM,2024-01-01 00:00:00
77,77,4,STANDARD,1100.42,147.77,177.46,1425.65,1,STANDARD,2024-01-01,2024-01-01 00:00:00,,True,SYSTEM,2024-01-01 00:00:00,SYSTEM,2024-01-01 00:00:00
78,78,4,STANDARD,1098.46,69.73,21.55,1189.74,1,STANDARD,2024-01-01,2024-01-01 00:00:00,,True,SYSTEM,2024-01-01 00:00:00,SYSTEM,2024-01-01 00:00:00
79,79,7,STANDARD,722.56,391.76,80.66,1194.98,1,STANDARD,2024-01-01,2024-01-01 00:00:00,,True,SYSTEM,2024-01-01 00:00:00,SYSTEM,2024-01-01 00:00:00
80,80,2,STANDARD,554.92,267.88,199.69,1022.49,1,STANDARD,2024-01-01,2024-01-01 00:00:00,,True,SYSTEM,2024-01-01 00:00:00,SYSTEM,2024-01-01 00:00:00
81,81,3,STANDARD,443.47,149.29,56.62,649.38,1,STANDARD,2024-01-01,2024-01-01 00:00:00,,True,SYSTEM,2024-01-01 00:00:00,SYSTEM,2024-01-01 00:00:00
82,82,7,STANDARD,834.13,191.85,166.28,1192.26,1,STANDARD,2024-01-01,2024-01-01 00:00:00,,True,SYSTEM,2024-01-01 00:00:00,SYSTEM,2024-01-01 00:00:00
83,83,1,STANDARD,1833.1,421.74,27.83,2282.67,1,STANDARD,2024-01-01,2024-01-01 00:00:00,,True,SYSTEM,2024-01-01 00:00:00,SYSTEM,2024-01-01 00:00:00
84,84,2,STANDARD,287.7,498.62,22.76,809.08,1,STANDARD,2024-01-01,2024-01-01 00:00:00,,True,SYSTEM,2024-01-01 00:00:00,SYSTEM,2024-01-01 00:00:00
85,85,1,STANDARD,212.3,278.78,161.87,652.95,1,STANDARD,2024-01-01,2024-01-01 00:00:00,,True,SYSTEM,2024-01-01 00:00:00,SYSTEM,2024-01-01 00:00:00
86,86,3,STANDARD,1155.76,185.64,180.76,1522.16,1,STANDARD,2024-01-01,2024-01-01 00:00:00,,True,SYSTEM,2024-01-01 00:00:00,SYSTEM,2024-01-01 00:00:00
87,87,3,STANDARD,584.57,296.42,61.47,942.46,1,STANDARD,2024-01-01,2024-01-01 00:00:00,,True,SYSTEM,2024-01-01 00:00:00,SYSTEM,2024-01-01 00:00:00
88,88,7,STANDARD,1932.95,477.12,77.47,2487.54,1,STANDARD,2024-01-01,2024-01-01 00:00:00,,True,SYSTEM,2024-01-01 00:00:00,SYSTEM,2024-01-01 00:00:00
89,89,6,STANDARD,473.02,365.41,22.5,860.93,1,STANDARD,2024-01-01,2024-01-01 00:00:00,,True,SYSTEM,2024-01-01 00:00:00,SYSTEM,2024-01-01 00:00:00
90,90,8,STANDARD,1815.09,44.4,190.99,2050.48,1,STANDARD,2024-01-01,2024-01-01 00:00:00,,True,SYSTEM,2024-01-01 00:00:00,SYSTEM,2024-01-01 00:00:00
91,91,2,STANDARD,1383.4,386.11,83.38,1852.89,1,STANDARD,2024-01-01,2024-01-01 00:00:00,,True,SYSTEM,2024-01-01 00:00:00,SYSTEM,2024-01-01 00:00:00
92,92,1,STANDARD,374.71,331.4,44.26,750.37,1,STANDARD,2024-01-01,2024-01-01 00:00:00,,True,SYSTEM,2024-01-01 00:00:00,SYSTEM,2024-01-01 00:00:00
93,93,1,STANDARD,93.22,154.87,135.52,383.61,1,STANDARD,2024-01-01,2024-01-01 00:00:00,,True,SYSTEM,2024-01-01 00:00:00,SYSTEM,2024-01-01 00:00:00
94,94,3,STANDARD,1762.02,27.53,40.29,1829.84,1,STANDARD,2024-01-01,2024-01-01 00:00:00,,True,SYSTEM,2024-01-01 00:00:00,SYSTEM,2024-01-01 00:00:00
95,95,8,STANDARD,272.69,18.69,140.34,431.72,1,STANDARD,2024-01-01,2024-01-01 00:00:00,,True,SYSTEM,2024-01-01 00:00:00,SYSTEM,2024-01-01 00:00:00
96,96,3,STANDARD,296.81,415.67,175.47,887.95,1,STANDARD,2024-01-01,2024-01-01 00:00:00,,True,SYSTEM,2024-01-01 00:00:00,SYSTEM,2024-01-01 00:00:00
97,97,2,STANDARD,1215.22,116.88,20.65,1352.75,1,STANDARD,2024-01-01,2024-01-01 00:00:00,,True,SYSTEM,2024-01-01 00:00:00,SYSTEM,2024-01-01 00:00:00
98,98,3,STANDARD,1580.49,490.39,168.88,2239.76,1,STANDARD,2024-01-01,2024-01-01 00:00:00,,True,SYSTEM,2024-01-01 00:00:00,SYSTEM,2024-01-01 00:00:00
99,99,7,STANDARD,841.78,119.56,195.13,1156.47,1,STANDARD,2024-01-01,2024-01-01 00:00:00,,True,SYSTEM,2024-01-01 00:00:00,SYSTEM,2024-01-01 00:00:00
100,100,8,STANDARD,456.08,466.97,85.24,1008.29,1,STANDARD,2024-01-01,2024-01-01 00:00:00,,True,SYSTEM,2024-01-01 00:00:00,SYSTEM,2024-01-01 00:00:00
101,101,3,STANDARD,1973.22,360.44,72.12,2405.78,1,STANDARD,2024-01-01,2024-01-01 00:00:00,,True,SYSTEM,2024-01-01 00:00:00,SYSTEM,2024-01-01 00:00:00
102,102,4,STANDARD,243.62,36.54,34.48,314.64,1,STANDARD,2024-01-01,2024-01-01 00:00:00,,True,SYSTEM,2024-01-01 00:00:00,SYSTEM,2024-01-01 00:00:00
103,103,5,STANDARD,1591.05,254.38,60.29,1905.72,1,STANDARD,2024-01-01,2024-01-01 00:00:00,,True,SYSTEM,2024-01-01 00:00:00,SYSTEM,2024-01-01 00:00:00
104,104,2,STANDARD,1236.8,63.7,90.44,1390.94,1,STANDARD,2024-01-01,2024-01-01 00:00:00,,True,SYSTEM,2024-01-01 00:00:00,SYSTEM,2024-01-01 00:00:00
105,105,8,STANDARD,1685.01,443.66,34.53,2163.2,1,STANDARD,2024-01-01,2024-01-01 00:00:00,,True,SYSTEM,2024-01-01 00:00:00,SYSTEM,2024-01-01 00:00:00
106,106,6,STANDARD,1031.56,418.7,158.72,1608.98,1,STANDARD,2024-01-01,2024-01-01 00:00:00,,True,SYSTEM,2024-01-01 00:00:00,SYSTEM,2024-01-01 00:00:00
107,107,5,STANDARD,1030.61,440.13,21.93,1492.67,1,STANDARD,2024-01-01,2024-01-01 00:00:00,,True,SYSTEM,2024-01-01 00:00:00,SYSTEM,2024-01-01 00:00:00
108,108,3,STANDARD,1985.74,451.05,69.25,2506.04,1,STANDARD,2024-01-01,2024-01-01 00:00:00,,True,SYSTEM,2024-01-01 00:00:00,SYSTEM,2024-01-01 00:00:00
109,109,6,STANDARD,1468.31,306.14,134.12,1908.57,1,STANDARD,2024-01-01,2024-01-01 00:00:00,,True,SYSTEM,2024-01-01 00:00:00,SYSTEM,2024-01-01 00:00:00
110,110,7,STANDARD,180.49,155.36,72.65,408.5,1,STANDARD,2024-01-01,2024-01-01 00:00:00,,True,SYSTEM,2024-01-01 00:00:00,SYSTEM,2024-01-01 00:00:00
111,111,3,STANDARD,746.88,108.54,131.55,986.97,1,STANDARD,2024-01-01,2024-01-01 00:00:00,,True,SYSTEM,2024-01-01 00:00:00,SYSTEM,2024-01-01 00:00:00
112,112,3,STANDARD,543.21,396.83,112.36,1052.4,1,STANDARD,2024-01-01,2024-01-01 00:00:00,,True,SYSTEM,2024-01-01 00:00:00,SYSTEM,2024-01-01 00:00:00
113,113,7,STANDARD,370.2,33.03,176.22,579.45,1,STANDARD,2024-01-01,2024-01-01 00:00:00,,True,SYSTEM,2024-01-01 00:00:00,SYSTEM,2024-01-01 00:00:00
114,114,4,STANDARD,651.74,312.81,89.65,1054.2,1,STANDARD,2024-01-01,2024-01-01 00:00:00,,True,SYSTEM,2024-01-01 00:00:00,SYSTEM,2024-01-01 00:00:00
115,115,6,STANDARD,1356.41,466.94,33.48,1856.83,1,STANDARD,2024-01-01,2024-01-01 00:00:00,,True,SYSTEM,2024-01-01 00:00:00,SYSTEM,2024-01-01 00:00:00
116,116,8,STANDARD,1573.63,137.86,169.14,1880.63,1,STANDARD,2024-01-01,2024-01-01 00:00:00,,True,SYSTEM,2024-01-01 00:00:00,SYSTEM,2024-01-01 00:00:00
117,117,1,STANDARD,1370.4,283.46,43.86,1697.72,1,STANDARD,2024-01-01,2024-01-01 00:00:00,,True,SYSTEM,2024-01-01 00:00:00,SYSTEM,2024-01-01 00:00:00
118,118,8,STANDARD,1828.26,392.75,194.17,2415.18,1,STANDARD,2024-01-01,2024-01-01 00:00:00,,True,SYSTEM,2024-01-01 00:00:00,SYSTEM,2024-01-01 00:00:00
119,119,1,STANDARD,360.5,325.97,17.81,704.28,1,STANDARD,2024-01-01,2024-01-01 00:00:00,,True,SYSTEM,2024-01-01 00:00:00,SYSTEM,2024-01-01 00:00:00
120,120,5,STANDARD,830.58,160.63,173.38,1164.59,1,STANDARD,2024-01-01,2024-01-01 00:00:00,,True,SYSTEM,2024-01-01 00:00:00,SYSTEM,2024-01-01 00:00:00
121,121,2,STANDARD,1171.75,310.62,100.39,1582.76,1,STANDARD,2024-01-01,2024-01-01 00:00:00,,True,SYSTEM,2024-01-01 00:00:00,SYSTEM,2024-01-01 00:00:00
122,122,1,STANDARD,1022.71,196.92,179.78,1399.41,1,STANDARD,2024-01-01,2024-01-01 00:00:00,,True,SYSTEM,2024-01-01 00:00:00,SYSTEM,2024-01-01 00:00:00
123,123,3,STANDARD,1577.59,498.81,40.13,2116.53,1,STANDARD,2024-01-01,2024-01-01 00:00:00,,True,SYSTEM,2024-01-01 00:00:00,SYSTEM,2024-01-01 00:00:00
124,124,1,STANDARD,661.64,399.48,17.9,1079.02,1,STANDARD,2024-01-01,2024-01-01 00:00:00,,True,SYSTEM,2024-01-01 00:00:00,SYSTEM,2024-01-01 00:00:00
125,125,6,STANDARD,1730.69,317.41,14.76,2062.86,1,STANDARD,2024-01-01,2024-01-01 00:00:00,,True,SYSTEM,2024-01-01 00:00:00,SYSTEM,2024-01-01 00:00:00
126,126,6,STANDARD,1735.36,221.24,83.0,2039.6,1,STANDARD,2024-01-01,2024-01-01 00:00:00,,True,SYSTEM,2024-01-01 00:00:00,SYSTEM,2024-01-01 00:00:00
127,127,5,STANDARD,510.36,60.58,62.9,633.84,1,STANDARD,2024-01-01,2024-01-01 00:00:00,,True,SYSTEM,2024-01-01 00:00:00,SYSTEM,2024-01-01 00:00:00
128,128,8,STANDARD,1002.4,214.42,99.75,1316.57,1,STANDARD,2024-01-01,2024-01-01 00:00:00,,True,SYSTEM,2024-01-01 00:00:00,SYSTEM,2024-01-01 00:00:00
129,129,7,STANDARD,1965.3,269.23,140.15,2374.68,1,STANDARD,2024-01-01,2024-01-01 00:00:00,,True,SYSTEM,2024-01-01 00:00:00,SYSTEM,2024-01-01 00:00:00
130,130,6,STANDARD,206.92,29.1,54.2,290.22,1,STANDARD,2024-01-01,2024-01-01 00:00:00,,True,SYSTEM,2024-01-01 00:00:00,SYSTEM,2024-01-01 00:00:00
131,131,4,STANDARD,590.15,270.63,177.08,1037.86,1,STANDARD,2024-01-01,2024-01-01 00:00:00,,True,SYSTEM,2024-01-01 00:00:00,SYSTEM,2024-01-01 00:00:00
132,132,8,STANDARD,1570.69,374.69,64.39,2009.77,1,STANDARD,2024-01-01,2024-01-01 00:00:00,,True,SYSTEM,2024-01-01 00:00:00,SYSTEM,2024-01-01 00:00:00
133,133,8,STANDARD,1443.8,215.42,7.38,1666.6,1,STANDARD,2024-01-01,2024-01-01 00:00:00,,True,SYSTEM,2024-01-01 00:00:00,SYSTEM,2024-01-01 00:00:00
134,134,8,STANDARD,1241.57,265.39,43.64,1550.6,1,STANDARD,2024-01-01,2024-01-01 00:00:00,,True,SYSTEM,2024-01-01 00:00:00,SYSTEM,2024-01-01 00:00:00
135,135,2,STANDARD,1580.09,58.59,168.27,1806.95,1,STANDARD,2024-01-01,2024-01-01 00:00:00,,True,SYSTEM,2024-01-01 00:00:00,SYSTEM,2024-01-01 00:00:00
136,136,2,STANDARD,1712.67,358.2,107.36,2178.23,1,STANDARD,2024-01-01,2024-01-01 00:00:00,,True,SYSTEM,2024-01-01 00:00:00,SYSTEM,2024-01-01 00:00:00
137,137,5,STANDARD,1105.86,338.51,171.48,1615.85,1,STANDARD,2024-01-01,2024-01-01 00:00:00,,True,SYSTEM,2024-01-01 00:00:00,SYSTEM,2024-01-01 00:00:00
138,138,3,STANDARD,861.91,190.23,91.44,1143.58,1,STANDARD,2024-01-01,2024-01-01 00:00:00,,True,SYSTEM,2024-01-01 00:00:00,SYSTEM,2024-01-01 00:00:00
139,139,7,STANDARD,1485.9,491.35,76.67,2053.92,1,STANDARD,2024-01-01,2024-01-01 00:00:00,,True,SYSTEM,2024-01-01 00:00:00,SYSTEM,2024-01-01 00:00:00
140,140,8,STANDARD,1994.32,276.02,49.26,2319.6,1,STANDARD,2024-01-01,2024-01-01 00:00:00,,True,SYSTEM,2024-01-01 00:00:00,SYSTEM,2024-01-01 00:00:00
141,141,6,STANDARD,104.41,145.77,175.97,426.15,1,STANDARD,2024-01-01,2024-01-01 00:00:00,,True,SYSTEM,2024-01-01 00:00:00,SYSTEM,2024-01-01 00:00:00
142,142,6,STANDARD,799.6,234.89,150.22,1184.71,1,STANDARD,2024-01-01,2024-01-01 00:00:00,,True,SYSTEM,2024-01-01 00:00:00,SYSTEM,2024-01-01 00:00:00
143,143,8,STANDARD,1703.41,404.32,51.06,2158.79,1,STANDARD,2024-01-01,2024-01-01 00:00:00,,True,SYSTEM,2024-01-01 00:00:00,SYSTEM,2024-01-01 00:00:00
144,144,7,STANDARD,950.05,17.06,115.2,1082.31,1,STANDARD,2024-01-01,2024-01-01 00:00:00,,True,SYSTEM,2024-01-01 00:00:00,SYSTEM,2024-01-01 00:00:00
145,145,2,STANDARD,1593.43,86.13,56.15,1735.71,1,STANDARD,2024-01-01,2024-01-01 00:00:00,,True,SYSTEM,2024-01-01 00:00:00,SYSTEM,2024-01-01 00:00:00
146,146,5,STANDARD,1721.29,427.14,129.09,2277.52,1,STANDARD,2024-01-01,2024-01-01 00:00:00,,True,SYSTEM,2024-01-01 00:00:00,SYSTEM,2024-01-01 00:00:00
147,147,1,STANDARD,1254.02,278.74,41.88,1574.64,1,STANDARD,2024-01-01,2024-01-01 00:00:00,,True,SYSTEM,2024-01-01 00:00:00,SYSTEM,2024-01-01 00:00:00
148,148,5,STANDARD,712.34,404.26,27.22,1143.82,1,STANDARD,2024-01-01,2024-01-01 00:00:00,,True,SYSTEM,2024-01-01 00:00:00,SYSTEM,2024-01-01 00:00:00
149,149,6,STANDARD,784.52,107.82,110.74,1003.08,1,STANDARD,2024-01-01,2024-01-01 00:00:00,,True,SYSTEM,2024-01-01 00:00:00,SYSTEM,2024-01-01 00:00:00
150,150,1,STANDARD,1145.4,412.69,59.53,1617.62,1,STANDARD,2024-01-01,2024-01-01 00:00:00,,True,SYSTEM,2024-01-01 00:00:00,SYSTEM,2024-01-01 00:00:00
151,151,6,STANDARD,1818.08,97.59,127.05,2042.72,1,STANDARD,2024-01-01,2024-01-01 00:00:00,,True,SYSTEM,2024-01-01 00:00:00,SYSTEM,2024-01-01 00:00:00
152,152,3,STANDARD,322.37,387.23,141.39,850.99,1,STANDARD,2024-01-01,2024-01-01 00:00:00,,True,SYSTEM,2024-01-01 00:00:00,SYSTEM,2024-01-01 00:00:00
153,153,7,STANDARD,380.34,97.96,30.89,509.19,1,STANDARD,2024-01-01,2024-01-01 00:00:00,,True,SYSTEM,2024-01-01 00:00:00,SYSTEM,2024-01-01 00:00:00
154,154,3,STANDARD,1649.66,475.6,186.3,2311.56,1,STANDARD,2024-01-01,2024-01-01 00:00:00,,True,SYSTEM,2024-01-01 00:00:00,SYSTEM,2024-01-01 00:00:00
155,155,6,STANDARD,613.82,223.93,42.8,880.55,1,STANDARD,2024-01-01,2024-01-01 00:00:00,,True,SYSTEM,2024-01-01 00:00:00,SYSTEM,2024-01-01 00:00:00
156,156,8,STANDARD,352.89,104.0,36.23,493.12,1,STANDARD,2024-01-01,2024-01-01 00:00:00,,True,SYSTEM,2024-01-01 00:00:00,SYSTEM,2024-01-01 00:00:00
157,157,5,STANDARD,977.66,268.33,168.14,1414.13,1,STANDARD,2024-01-01,2024-01-01 00:00:00,,True,SYSTEM,2024-01-01 00:00:00,SYSTEM,2024-01-01 00:00:00
158,158,4,STANDARD,189.91,106.54,189.79,486.24,1,STANDARD,2024-01-01,2024-01-01 00:00:00,,True,SYSTEM,2024-01-01 00:00:00,SYSTEM,2024-01-01 00:00:00
159,159,7,STANDARD,1264.36,489.44,128.17,1881.97,1,STANDARD,2024-01-01,2024-01-01 00:00:00,,True,SYSTEM,2024-01-01 00:00:00,SYSTEM,2024-01-01 00:00:00
160,160,5,STANDARD,1614.28,482.23,80.08,2176.59,1,STANDARD,2024-01-01,2024-01-01 00:00:00,,True,SYSTEM,2024-01-01 00:00:00,SYSTEM,2024-01-01 00:00:00
161,161,7,STANDARD,1624.9,70.72,120.87,1816.49,1,STANDARD,2024-01-01,2024-01-01 00:00:00,,True,SYSTEM,2024-01-01 00:00:00,SYSTEM,2024-01-01 00:00:00
162,162,7,STANDARD,1720.41,429.18,101.54,2251.13,1,STANDARD,2024-01-01,2024-01-01 00:00:00,,True,SYSTEM,2024-01-01 00:00:00,SYSTEM,2024-01-01 00:00:00
163,163,3,STANDARD,1847.85,242.88,42.02,2132.75,1,STANDARD,2024-01-01,2024-01-01 00:00:00,,True,SYSTEM,2024-01-01 00:00:00,SYSTEM,2024-01-01 00:00:00
164,164,1,STANDARD,962.15,81.09,51.01,1094.25,1,STANDARD,2024-01-01,2024-01-01 00:00:00,,True,SYSTEM,2024-01-01 00:00:00,SYSTEM,2024-01-01 00:00:00
165,165,7,STANDARD,946.89,333.12,170.99,1451.0,1,STANDARD,2024-01-01,2024-01-01 00:00:00,,True,SYSTEM,2024-01-01 00:00:00,SYSTEM,2024-01-01 00:00:00
166,166,6,STANDARD,329.36,296.74,53.45,679.55,1,STANDARD,2024-01-01,2024-01-01 00:00:00,,True,SYSTEM,2024-01-01 00:00:00,SYSTEM,2024-01-01 00:00:00
167,167,5,STANDARD,1629.89,25.73,25.48,1681.1,1,STANDARD,2024-01-01,2024-01-01 00:00:00,,True,SYSTEM,2024-01-01 00:00:00,SYSTEM,2024-01-01 00:00:00
168,168,8,STANDARD,313.71,32.12,156.73,502.56,1,STANDARD,2024-01-01,2024-01-01 00:00:00,,True,SYSTEM,2024-01-01 00:00:00,SYSTEM,2024-01-01 00:00:00
169,169,7,STANDARD,403.66,281.76,154.32,839.74,1,STANDARD,2024-01-01,2024-01-01 00:00:00,,True,SYSTEM,2024-01-01 00:00:00,SYSTEM,2024-01-01 00:00:00
170,170,3,STANDARD,1370.42,468.24,98.72,1937.38,1,STANDARD,2024-01-01,2024-01-01 00:00:00,,True,SYSTEM,2024-01-01 00:00:00,SYSTEM,2024-01-01 00:00:00
171,171,3,STANDARD,1641.32,232.46,199.17,2072.95,1,STANDARD,2024-01-01,2024-01-01 00:00:00,,True,SYSTEM,2024-01-01 00:00:00,SYSTEM,2024-01-01 00:00:00
172,172,1,STANDARD,1747.01,128.9,54.39,1930.3,1,STANDARD,2024-01-01,2024-01-01 00:00:00,,True,SYSTEM,2024-01-01 00:00:00,SYSTEM,2024-01-01 00:00:00
173,173,4,STANDARD,1721.04,89.25,153.97,1964.26,1,STANDARD,2024-01-01,2024-01-01 00:00:00,,True,SYSTEM,2024-01-01 00:00:00,SYSTEM,2024-01-01 00:00:00
174,174,5,STANDARD,355.34,198.1,32.05,585.49,1,STANDARD,2024-01-01,2024-01-01 00:00:00,,True,SYSTEM,2024-01-01 00:00:00,SYSTEM,2024-01-01 00:00:00
175,175,1,STANDARD,526.01,257.63,16.83,800.47,1,STANDARD,2024-01-01,2024-01-01 00:00:00,,True,SYSTEM,2024-01-01 00:00:00,SYSTEM,2024-01-01 00:00:00
176,176,6,STANDARD,1872.19,412.82,68.2,2353.21,1,STANDARD,2024-01-01,2024-01-01 00:00:00,,True,SYSTEM,2024-01-01 00:00:00,SYSTEM,2024-01-01 00:00:00
177,177,5,STANDARD,1443.42,55.08,79.63,1578.13,1,STANDARD,2024-01-01,2024-01-01 00:00:00,,True,SYSTEM,2024-01-01 00:00:00,SYSTEM,2024-01-01 00:00:00
178,178,3,STANDARD,1804.39,402.68,14.47,2221.54,1,STANDARD,2024-01-01,2024-01-01 00:00:00,,True,SYSTEM,2024-01-01 00:00:00,SYSTEM,2024-01-01 00:00:00
179,179,8,STANDARD,626.62,46.96,65.08,738.66,1,STANDARD,2024-01-01,2024-01-01 00:00:00,,True,SYSTEM,2024-01-01 00:00:00,SYSTEM,2024-01-01 00:00:00
180,180,5,STANDARD,388.54,89.74,95.67,573.95,1,STANDARD,2024-01-01,2024-01-01 00:00:00,,True,SYSTEM,2024-01-01 00:00:00,SYSTEM,2024-01-01 00:00:00
181,181,7,STANDARD,393.41,210.47,62.54,666.42,1,STANDARD,2024-01-01,2024-01-01 00:00:00,,True,SYSTEM,2024-01-01 00:00:00,SYSTEM,2024-01-01 00:00:00
182,182,1,STANDARD,1174.91,470.05,147.74,1792.7,1,STANDARD,2024-01-01,2024-01-01 00:00:00,,True,SYSTEM,2024-01-01 00:00:00,SYSTEM,2024-01-01 00:00:00
183,183,5,STANDARD,195.49,238.74,15.78,450.01,1,STANDARD,2024-01-01,2024-01-01 00:00:00,,True,SYSTEM,2024-01-01 00:00:00,SYSTEM,2024-01-01 00:00:00
184,184,1,STANDARD,1722.91,317.78,173.16,2213.85,1,STANDARD,2024-01-01,2024-01-01 00:00:00,,True,SYSTEM,2024-01-01 00:00:00,SYSTEM,2024-01-01 00:00:00
185,185,4,STANDARD,1403.38,256.57,113.9,1773.85,1,STANDARD,2024-01-01,2024-01-01 00:00:00,,True,SYSTEM,2024-01-01 00:00:00,SYSTEM,2024-01-01 00:00:00
186,186,7,STANDARD,255.02,132.17,54.11,441.3,1,STANDARD,2024-01-01,2024-01-01 00:00:00,,True,SYSTEM,2024-01-01 00:00:00,SYSTEM,2024-01-01 00:00:00
187,187,7,STANDARD,1353.5,195.87,35.0,1584.37,1,STANDARD,2024-01-01,2024-01-01 00:00:00,,True,SYSTEM,2024-01-01 00:00:00,SYSTEM,2024-01-01 00:00:00
188,188,3,STANDARD,1920.78,173.07,15.49,2109.34,1,STANDARD,2024-01-01,2024-01-01 00:00:00,,True,SYSTEM,2024-01-01 00:00:00,SYSTEM,2024-01-01 00:00:00
189,189,3,STANDARD,874.34,463.91,50.66,1388.91,1,STANDARD,2024-01-01,2024-01-01 00:00:00,,True,SYSTEM,2024-01-01 00:00:00,SYSTEM,2024-01-01 00:00:00
190,190,2,STANDARD,1064.81,374.83,88.72,1528.36,1,STANDARD,2024-01-01,2024-01-01 00:00:00,,True,SYSTEM,2024-01-01 00:00:00,SYSTEM,2024-01-01 00:00:00
191,191,5,STANDARD,62.57,410.54,29.15,502.26,1,STANDARD,2024-01-01,2024-01-01 00:00:00,,True,SYSTEM,2024-01-01 00:00:00,SYSTEM,2024-01-01 00:00:00
192,192,7,STANDARD,1188.81,446.33,35.59,1670.73,1,STANDARD,2024-01-01,2024-01-01 00:00:00,,True,SYSTEM,2024-01-01 00:00:00,SYSTEM,2024-01-01 00:00:00
193,193,2,STANDARD,427.08,391.58,71.13,889.79,1,STANDARD,2024-01-01,2024-01-01 00:00:00,,True,SYSTEM,2024-01-01 00:00:00,SYSTEM,2024-01-01 00:00:00
194,194,1,STANDARD,239.39,63.29,199.58,502.26,1,STANDARD,2024-01-01,2024-01-01 00:00:00,,True,SYSTEM,2024-01-01 00:00:00,SYSTEM,2024-01-01 00:00:00
195,195,8,STANDARD,325.95,295.43,95.85,717.23,1,STANDARD,2024-01-01,2024-01-01 00:00:00,,True,SYSTEM,2024-01-01 00:00:00,SYSTEM,2024-01-01 00:00:00
196,196,4,STANDARD,1809.88,246.47,167.96,2224.31,1,STANDARD,2024-01-01,2024-01-01 00:00:00,,True,SYSTEM,2024-01-01 00:00:00,SYSTEM,2024-01-01 00:00:00
197,197,3,STANDARD,1181.14,40.83,41.57,1263.54,1,STANDARD,2024-01-01,2024-01-01 00:00:00,,True,SYSTEM,2024-01-01 00:00:00,SYSTEM,2024-01-01 00:00:00
198,198,1,STANDARD,1241.58,54.16,96.62,1392.36,1,STANDARD,2024-01-01,2024-01-01 00:00:00,,True,SYSTEM,2024-01-01 00:00:00,SYSTEM,2024-01-01 00:00:00
199,199,1,STANDARD,887.16,218.63,16.99,1122.78,1,STANDARD,2024-01-01,2024-01-01 00:00:00,,True,SYSTEM,2024-01-01 00:00:00,SYSTEM,2024-01-01 00:00:00
200,200,6,STANDARD,312.82,67.12,81.03,460.97,1,STANDARD,2024-01-01,2024-01-01 00:00:00,,True,SYSTEM,2024-01-01 00:00:00,SYSTEM,2024-01-01 00:00:00
201,201,3,STANDARD,1088.96,247.2,193.5,1529.66,1,STANDARD,2024-01-01,2024-01-01 00:00:00,,True,SYSTEM,2024-01-01 00:00:00,SYSTEM,2024-01-01 00:00:00
202,202,3,STANDARD,795.94,273.45,9.51,1078.9,1,STANDARD,2024-01-01,2024-01-01 00:00:00,,True,SYSTEM,2024-01-01 00:00:00,SYSTEM,2024-01-01 00:00:00
203,203,3,STANDARD,364.83,423.41,127.56,915.8,1,STANDARD,2024-01-01,2024-01-01 00:00:00,,True,SYSTEM,2024-01-01 00:00:00,SYSTEM,2024-01-01 00:00:00
204,204,7,STANDARD,1451.24,170.22,97.68,1719.14,1,STANDARD,2024-01-01,2024-01-01 00:00:00,,True,SYSTEM,2024-01-01 00:00:00,SYSTEM,2024-01-01 00:00:00
205,205,8,STANDARD,186.09,173.46,115.35,474.9,1,STANDARD,2024-01-01,2024-01-01 00:00:00,,True,SYSTEM,2024-01-01 00:00:00,SYSTEM,2024-01-01 00:00:00
206,206,7,STANDARD,1043.08,256.14,132.44,1431.66,1,STANDARD,2024-01-01,2024-01-01 00:00:00,,True,SYSTEM,2024-01-01 00:00:00,SYSTEM,2024-01-01 00:00:00
207,207,7,STANDARD,1024.51,185.77,8.17,1218.45,1,STANDARD,2024-01-01,2024-01-01 00:00:00,,True,SYSTEM,2024-01-01 00:00:00,SYSTEM,2024-01-01 00:00:00
208,208,4,STANDARD,1430.18,231.42,29.8,1691.4,1,STANDARD,2024-01-01,2024-01-01 00:00:00,,True,SYSTEM,2024-01-01 00:00:00,SYSTEM,2024-01-01 00:00:00
209,209,7,STANDARD,1916.97,223.23,64.76,2204.96,1,STANDARD,2024-01-01,2024-01-01 00:00:00,,True,SYSTEM,2024-01-01 00:00:00,SYSTEM,2024-01-01 00:00:00
210,210,4,STANDARD,1068.48,69.96,22.77,1161.21,1,STANDARD,2024-01-01,2024-01-01 00:00:00,,True,SYSTEM,2024-01-01 00:00:00,SYSTEM,2024-01-01 00:00:00
211,211,4,STANDARD,821.12,239.06,132.22,1192.4,1,STANDARD,2024-01-01,2024-01-01 00:00:00,,True,SYSTEM,2024-01-01 00:00:00,SYSTEM,2024-01-01 00:00:00
212,212,3,STANDARD,347.55,369.08,132.56,849.19,1,STANDARD,2024-01-01,2024-01-01 00:00:00,,True,SYSTEM,2024-01-01 00:00:00,SYSTEM,2024-01-01 00:00:00
213,213,3,STANDARD,1167.34,424.45,123.92,1715.71,1,STANDARD,2024-01-01,2024-01-01 00:00:00,,True,SYSTEM,2024-01-01 00:00:00,SYSTEM,2024-01-01 00:00:00
214,214,5,STANDARD,665.76,445.86,114.4,1226.02,1,STANDARD,2024-01-01,2024-01-01 00:00:00,,True,SYSTEM,2024-01-01 00:00:00,SYSTEM,2024-01-01 00:00:00
215,215,2,STANDARD,1485.59,165.83,18.62,1670.04,1,STANDARD,2024-01-01,2024-01-01 00:00:00,,True,SYSTEM,2024-01-01 00:00:00,SYSTEM,2024-01-01 00:00:00
216,216,1,STANDARD,1516.46,64.84,129.35,1710.65,1,STANDARD,2024-01-01,2024-01-01 00:00:00,,True,SYSTEM,2024-01-01 00:00:00,SYSTEM,2024-01-01 00:00:00
217,217,7,STANDARD,1510.88,466.75,96.15,2073.78,1,STANDARD,2024-01-01,2024-01-01 00:00:00,,True,SYSTEM,2024-01-01 00:00:00,SYSTEM,2024-01-01 00:00:00
218,218,5,STANDARD,613.96,94.37,116.59,824.92,1,STANDARD,2024-01-01,2024-01-01 00:00:00,,True,SYSTEM,2024-01-01 00:00:00,SYSTEM,2024-01-01 00:00:00
219,219,6,STANDARD,1973.09,185.62,70.69,2229.4,1,STANDARD,2024-01-01,2024-01-01 00:00:00,,True,SYSTEM,2024-01-01 00:00:00,SYSTEM,2024-01-01 00:00:00
220,220,5,STANDARD,1427.78,31.18,116.09,1575.05,1,STANDARD,2024-01-01,2024-01-01 00:00:00,,True,SYSTEM,2024-01-01 00:00:00,SYSTEM,2024-01-01 00:00:00
221,221,1,STANDARD,1910.91,327.42,71.22,2309.55,1,STANDARD,2024-01-01,2024-01-01 00:00:00,,True,SYSTEM,2024-01-01 00:00:00,SYSTEM,2024-01-01 00:00:00
222,222,1,STANDARD,1850.0,324.41,77.25,2251.66,1,STANDARD,2024-01-01,2024-01-01 00:00:00,,True,SYSTEM,2024-01-01 00:00:00,SYSTEM,2024-01-01 00:00:00
223,223,3,STANDARD,1241.05,487.54,93.52,1822.11,1,STANDARD,2024-01-01,2024-01-01 00:00:00,,True,SYSTEM,2024-01-01 00:00:00,SYSTEM,2024-01-01 00:00:00
224,224,6,STANDARD,643.8,250.41,67.45,961.66,1,STANDARD,2024-01-01,2024-01-01 00:00:00,,True,SYSTEM,2024-01-01 00:00:00,SYSTEM,2024-01-01 00:00:00
225,225,1,STANDARD,1779.68,32.05,131.34,1943.07,1,STANDARD,2024-01-01,2024-01-01 00:00:00,,True,SYSTEM,2024-01-01 00:00:00,SYSTEM,2024-01-01 00:00:00
226,226,3,STANDARD,1000.32,216.75,136.15,1353.22,1,STANDARD,2024-01-01,2024-01-01 00:00:00,,True,SYSTEM,2024-01-01 00:00:00,SYSTEM,2024-01-01 00:00:00
227,227,3,STANDARD,533.26,108.56,127.33,769.15,1,STANDARD,2024-01-01,2024-01-01 00:00:00,,True,SYSTEM,2024-01-01 00:00:00,SYSTEM,2024-01-01 00:00:00
228,228,2,STANDARD,1694.59,398.43,107.81,2200.83,1,STANDARD,2024-01-01,2024-01-01 00:00:00,,True,SYSTEM,2024-01-01 00:00:00,SYSTEM,2024-01-01 00:00:00
229,229,4,STANDARD,1625.09,360.04,38.8,2023.93,1,STANDARD,2024-01-01,2024-01-01 00:00:00,,True,SYSTEM,2024-01-01 00:00:00,SYSTEM,2024-01-01 00:00:00
230,230,8,STANDARD,241.06,94.94,153.15,489.15,1,STANDARD,2024-01-01,2024-01-01 00:00:00,,True,SYSTEM,2024-01-01 00:00:00,SYSTEM,2024-01-01 00:00:00
231,231,6,STANDARD,1621.44,387.85,62.59,2071.88,1,STANDARD,2024-01-01,2024-01-01 00:00:00,,True,SYSTEM,2024-01-01 00:00:00,SYSTEM,2024-01-01 00:00:00
232,232,4,STANDARD,800.87,306.97,77.01,1184.85,1,STANDARD,2024-01-01,2024-01-01 00:00:00,,True,SYSTEM,2024-01-01 00:00:00,SYSTEM,2024-01-01 00:00:00
233,233,8,STANDARD,763.13,440.2,140.04,1343.37,1,STANDARD,2024-01-01,2024-01-01 00:00:00,,True,SYSTEM,2024-01-01 00:00:00,SYSTEM,2024-01-01 00:00:00
234,234,8,STANDARD,428.81,392.87,168.18,989.86,1,STANDARD,2024-01-01,2024-01-01 00:00:00,,True,SYSTEM,2024-01-01 00:00:00,SYSTEM,2024-01-01 00:00:00
235,235,1,STANDARD,1431.88,375.87,169.31,1977.06,1,STANDARD,2024-01-01,2024-01-01 00:00:00,,True,SYSTEM,2024-01-01 00:00:00,SYSTEM,2024-01-01 00:00:00
236,236,6,STANDARD,1604.98,138.96,179.13,1923.07,1,STANDARD,2024-01-01,2024-01-01 00:00:00,,True,SYSTEM,2024-01-01 00:00:00,SYSTEM,2024-01-01 00:00:00
237,237,6,STANDARD,565.87,444.68,5.06,1015.61,1,STANDARD,2024-01-01,2024-01-01 00:00:00,,True,SYSTEM,2024-01-01 00:00:00,SYSTEM,2024-01-01 00:00:00
238,238,4,STANDARD,822.59,398.81,179.2,1400.6,1,STANDARD,2024-01-01,2024-01-01 00:00:00,,True,SYSTEM,2024-01-01 00:00:00,SYSTEM,2024-01-01 00:00:00
239,239,4,STANDARD,93.16,218.09,103.17,414.42,1,STANDARD,2024-01-01,2024-01-01 00:00:00,,True,SYSTEM,2024-01-01 00:00:00,SYSTEM,2024-01-01 00:00:00
240,240,2,STANDARD,219.39,162.31,143.08,524.78,1,STANDARD,2024-01-01,2024-01-01 00:00:00,,True,SYSTEM,2024-01-01 00:00:00,SYSTEM,2024-01-01 00:00:00
241,241,4,STANDARD,1219.71,218.35,13.16,1451.22,1,STANDARD,2024-01-01,2024-01-01 00:00:00,,True,SYSTEM,2024-01-01 00:00:00,SYSTEM,2024-01-01 00:00:00
242,242,4,STANDARD,1520.24,466.13,76.46,2062.83,1,STANDARD,2024-01-01,2024-01-01 00:00:00,,True,SYSTEM,2024-01-01 00:00:00,SYSTEM,2024-01-01 00:00:00
243,243,4,STANDARD,1987.42,377.67,56.14,2421.23,1,STANDARD,2024-01-01,2024-01-01 00:00:00,,True,SYSTEM,2024-01-01 00:00:00,SYSTEM,2024-01-01 00:00:00
244,244,6,STANDARD,249.18,80.24,115.88,445.3,1,STANDARD,2024-01-01,2024-01-01 00:00:00,,True,SYSTEM,2024-01-01 00:00:00,SYSTEM,2024-01-01 00:00:00
245,245,7,STANDARD,950.76,56.25,79.03,1086.04,1,STANDARD,2024-01-01,2024-01-01 00:00:00,,True,SYSTEM,2024-01-01 00:00:00,SYSTEM,2024-01-01 00:00:00
246,246,2,STANDARD,1206.85,487.31,33.98,1728.14,1,STANDARD,2024-01-01,2024-01-01 00:00:00,,True,SYSTEM,2024-01-01 00:00:00,SYSTEM,2024-01-01 00:00:00
247,247,8,STANDARD,368.37,181.16,54.24,603.77,1,STANDARD,2024-01-01,2024-01-01 00:00:00,,True,SYSTEM,2024-01-01 00:00:00,SYSTEM,2024-01-01 00:00:00
248,248,5,STANDARD,1897.64,105.22,79.84,2082.7,1,STANDARD,2024-01-01,2024-01-01 00:00:00,,True,SYSTEM,2024-01-01 00:00:00,SYSTEM,2024-01-01 00:00:00
249,249,3,STANDARD,1432.58,436.21,163.95,2032.74,1,STANDARD,2024-01-01,2024-01-01 00:00:00,,True,SYSTEM,2024-01-01 00:00:00,SYSTEM,2024-01-01 00:00:00
250,250,3,STANDARD,756.63,484.34,61.71,1302.68,1,STANDARD,2024-01-01,2024-01-01 00:00:00,,True,SYSTEM,2024-01-01 00:00:00,SYSTEM,2024-01-01 00:00:00
251,251,4,STANDARD,1920.34,318.49,117.22,2356.05,1,STANDARD,2024-01-01,2024-01-01 00:00:00,,True,SYSTEM,2024-01-01 00:00:00,SYSTEM,2024-01-01 00:00:00
252,252,6,STANDARD,1325.14,309.14,36.21,1670.49,1,STANDARD,2024-01-01,2024-01-01 00:00:00,,True,SYSTEM,2024-01-01 00:00:00,SYSTEM,2024-01-01 00:00:00
253,253,7,STANDARD,1334.29,274.95,27.18,1636.42,1,STANDARD,2024-01-01,2024-01-01 00:00:00,,True,SYSTEM,2024-01-01 00:00:00,SYSTEM,2024-01-01 00:00:00
254,254,1,STANDARD,183.12,258.46,80.58,522.16,1,STANDARD,2024-01-01,2024-01-01 00:00:00,,True,SYSTEM,2024-01-01 00:00:00,SYSTEM,2024-01-01 00:00:00
255,255,2,STANDARD,554.01,468.15,29.53,1051.69,1,STANDARD,2024-01-01,2024-01-01 00:00:00,,True,SYSTEM,2024-01-01 00:00:00,SYSTEM,2024-01-01 00:00:00
256,256,3,STANDARD,704.63,192.24,165.7,1062.57,1,STANDARD,2024-01-01,2024-01-01 00:00:00,,True,SYSTEM,2024-01-01 00:00:00,SYSTEM,2024-01-01 00:00:00
257,257,1,STANDARD,1018.31,114.03,62.7,1195.04,1,STANDARD,2024-01-01,2024-01-01 00:00:00,,True,SYSTEM,2024-01-01 00:00:00,SYSTEM,2024-01-01 00:00:00
258,258,6,STANDARD,1733.6,450.67,9.18,2193.45,1,STANDARD,2024-01-01,2024-01-01 00:00:00,,True,SYSTEM,2024-01-01 00:00:00,SYSTEM,2024-01-01 00:00:00
259,259,4,STANDARD,643.97,113.05,171.67,928.69,1,STANDARD,2024-01-01,2024-01-01 00:00:00,,True,SYSTEM,2024-01-01 00:00:00,SYSTEM,2024-01-01 00:00:00
260,260,4,STANDARD,151.29,222.65,52.74,426.68,1,STANDARD,2024-01-01,2024-01-01 00:00:00,,True,SYSTEM,2024-01-01 00:00:00,SYSTEM,2024-01-01 00:00:00
261,261,6,STANDARD,216.92,55.21,169.95,442.08,1,STANDARD,2024-01-01,2024-01-01 00:00:00,,True,SYSTEM,2024-01-01 00:00:00,SYSTEM,2024-01-01 00:00:00
262,262,4,STANDARD,1631.28,403.97,179.17,2214.42,1,STANDARD,2024-01-01,2024-01-01 00:00:00,,True,SYSTEM,2024-01-01 00:00:00,SYSTEM,2024-01-01 00:00:00
263,263,4,STANDARD,520.11,51.31,36.97,608.39,1,STANDARD,2024-01-01,2024-01-01 00:00:00,,True,SYSTEM,2024-01-01 00:00:00,SYSTEM,2024-01-01 00:00:00
264,264,6,STANDARD,944.74,49.03,123.94,1117.71,1,STANDARD,2024-01-01,2024-01-01 00:00:00,,True,SYSTEM,2024-01-01 00:00:00,SYSTEM,2024-01-01 00:00:00
265,265,7,STANDARD,395.37,445.13,13.97,854.47,1,STANDARD,2024-01-01,2024-01-01 00:00:00,,True,SYSTEM,2024-01-01 00:00:00,SYSTEM,2024-01-01 00:00:00
266,266,2,STANDARD,1473.53,135.77,177.77,1787.07,1,STANDARD,2024-01-01,2024-01-01 00:00:00,,True,SYSTEM,2024-01-01 00:00:00,SYSTEM,2024-01-01 00:00:00
267,267,3,STANDARD,1438.69,193.33,111.0,1743.02,1,STANDARD,2024-01-01,2024-01-01 00:00:00,,True,SYSTEM,2024-01-01 00:00:00,SYSTEM,2024-01-01 00:00:00
268,268,8,STANDARD,770.85,239.45,80.44,1090.74,1,STANDARD,2024-01-01,2024-01-01 00:00:00,,True,SYSTEM,2024-01-01 00:00:00,SYSTEM,2024-01-01 00:00:00
269,269,6,STANDARD,1842.36,211.78,115.16,2169.3,1,STANDARD,2024-01-01,2024-01-01 00:00:00,,True,SYSTEM,2024-01-01 00:00:00,SYSTEM,2024-01-01 00:00:00
270,270,5,STANDARD,1951.18,370.27,30.36,2351.81,1,STANDARD,2024-01-01,2024-01-01 00:00:00,,True,SYSTEM,2024-01-01 00:00:00,SYSTEM,2024-01-01 00:00:00
271,271,4,STANDARD,386.08,61.42,33.15,480.65,1,STANDARD,2024-01-01,2024-01-01 00:00:00,,True,SYSTEM,2024-01-01 00:00:00,SYSTEM,2024-01-01 00:00:00
272,272,4,STANDARD,1492.42,111.4,152.22,1756.04,1,STANDARD,2024-01-01,2024-01-01 00:00:00,,True,SYSTEM,2024-01-01 00:00:00,SYSTEM,2024-01-01 00:00:00
273,273,2,STANDARD,1364.84,121.59,77.44,1563.87,1,STANDARD,2024-01-01,2024-01-01 00:00:00,,True,SYSTEM,2024-01-01 00:00:00,SYSTEM,2024-01-01 00:00:00
274,274,4,STANDARD,1885.05,112.12,170.74,2167.91,1,STANDARD,2024-01-01,2024-01-01 00:00:00,,True,SYSTEM,2024-01-01 00:00:00,SYSTEM,2024-01-01 00:00:00
275,275,7,STANDARD,1919.34,463.04,64.71,2447.09,1,STANDARD,2024-01-01,2024-01-01 00:00:00,,True,SYSTEM,2024-01-01 00:00:00,SYSTEM,2024-01-01 00:00:00
276,276,8,STANDARD,689.65,107.49,15.14,812.28,1,STANDARD,2024-01-01,2024-01-01 00:00:00,,True,SYSTEM,2024-01-01 00:00:00,SYSTEM,2024-01-01 00:00:00
277,277,8,STANDARD,1597.21,71.77,18.2,1687.18,1,STANDARD,2024-01-01,2024-01-01 00:00:00,,True,SYSTEM,2024-01-01 00:00:00,SYSTEM,2024-01-01 00:00:00
278,278,5,STANDARD,108.3,359.97,74.26,542.53,1,STANDARD,2024-01-01,2024-01-01 00:00:00,,True,SYSTEM,2024-01-01 00:00:00,SYSTEM,2024-01-01 00:00:00
279,279,1,STANDARD,1668.3,348.2,138.26,2154.76,1,STANDARD,2024-01-01,2024-01-01 00:00:00,,True,SYSTEM,2024-01-01 00:00:00,SYSTEM,2024-01-01 00:00:00
280,280,6,STANDARD,1584.74,69.56,164.1,1818.4,1,STANDARD,2024-01-01,2024-01-01 00:00:00,,True,SYSTEM,2024-01-01 00:00:00,SYSTEM,2024-01-01 00:00:00
281,281,8,STANDARD,903.33,356.82,16.53,1276.68,1,STANDARD,2024-01-01,2024-01-01 00:00:00,,True,SYSTEM,2024-01-01 00:00:00,SYSTEM,2024-01-01 00:00:00
282,282,5,STANDARD,1465.99,385.02,174.19,2025.2,1,STANDARD,2024-01-01,2024-01-01 00:00:00,,True,SYSTEM,2024-01-01 00:00:00,SYSTEM,2024-01-01 00:00:00
283,283,2,STANDARD,1936.51,62.75,81.18,2080.44,1,STANDARD,2024-01-01,2024-01-01 00:00:00,,True,SYSTEM,2024-01-01 00:00:00,SYSTEM,2024-01-01 00:00:00
284,284,4,STANDARD,1135.35,404.11,127.59,1667.05,1,STANDARD,2024-01-01,2024-01-01 00:00:00,,True,SYSTEM,2024-01-01 00:00:00,SYSTEM,2024-01-01 00:00:00
285,285,3,STANDARD,866.76,210.73,187.87,1265.36,1,STANDARD,2024-01-01,2024-01-01 00:00:00,,True,SYSTEM,2024-01-01 00:00:00,SYSTEM,2024-01-01 00:00:00
286,286,6,STANDARD,1776.36,472.14,95.31,2343.81,1,STANDARD,2024-01-01,2024-01-01 00:00:00,,True,SYSTEM,2024-01-01 00:00:00,SYSTEM,2024-01-01 00:00:00
287,287,6,STANDARD,931.57,408.05,125.99,1465.61,1,STANDARD,2024-01-01,2024-01-01 00:00:00,,True,SYSTEM,2024-01-01 00:00:00,SYSTEM,2024-01-01 00:00:00
288,288,7,STANDARD,756.49,372.61,80.48,1209.58,1,STANDARD,2024-01-01,2024-01-01 00:00:00,,True,SYSTEM,2024-01-01 00:00:00,SYSTEM,2024-01-01 00:00:00
289,289,8,STANDARD,1873.94,74.97,14.08,1962.99,1,STANDARD,2024-01-01,2024-01-01 00:00:00,,True,SYSTEM,2024-01-01 00:00:00,SYSTEM,2024-01-01 00:00:00
290,290,2,STANDARD,1240.69,461.29,191.52,1893.5,1,STANDARD,2024-01-01,2024-01-01 00:00:00,,True,SYSTEM,2024-01-01 00:00:00,SYSTEM,2024-01-01 00:00:00
291,291,7,STANDARD,383.59,32.47,142.52,558.58,1,STANDARD,2024-01-01,2024-01-01 00:00:00,,True,SYSTEM,2024-01-01 00:00:00,SYSTEM,2024-01-01 00:00:00
292,292,7,STANDARD,825.8,32.16,39.38,897.34,1,STANDARD,2024-01-01,2024-01-01 00:00:00,,True,SYSTEM,2024-01-01 00:00:00,SYSTEM,2024-01-01 00:00:00
293,293,1,STANDARD,299.37,292.6,144.8,736.77,1,STANDARD,2024-01-01,2024-01-01 00:00:00,,True,SYSTEM,2024-01-01 00:00:00,SYSTEM,2024-01-01 00:00:00
294,294,1,STANDARD,1568.57,487.12,16.98,2072.67,1,STANDARD,2024-01-01,2024-01-01 00:00:00,,True,SYSTEM,2024-01-01 00:00:00,SYSTEM,2024-01-01 00:00:00
295,295,1,STANDARD,1135.02,452.44,75.62,1663.08,1,STANDARD,2024-01-01,2024-01-01 00:00:00,,True,SYSTEM,2024-01-01 00:00:00,SYSTEM,2024-01-01 00:00:00
296,296,7,STANDARD,407.97,88.22,123.51,619.7,1,STANDARD,2024-01-01,2024-01-01 00:00:00,,True,SYSTEM,2024-01-01 00:00:00,SYSTEM,2024-01-01 00:00:00
297,297,5,STANDARD,670.35,194.4,99.89,964.64,1,STANDARD,2024-01-01,2024-01-01 00:00:00,,True,SYSTEM,2024-01-01 00:00:00,SYSTEM,2024-01-01 00:00:00
298,298,4,STANDARD,322.14,411.93,139.91,873.98,1,STANDARD,2024-01-01,2024-01-01 00:00:00,,True,SYSTEM,2024-01-01 00:00:00,SYSTEM,2024-01-01 00:00:00
299,299,2,STANDARD,831.66,376.45,130.16,1338.27,1,STANDARD,2024-01-01,2024-01-01 00:00:00,,True,SYSTEM,2024-01-01 00:00:00,SYSTEM,2024-01-01 00:00:00
300,300,4,STANDARD,549.52,376.61,111.7,1037.83,1,STANDARD,2024-01-01,2024-01-01 00:00:00,,True,SYSTEM,2024-01-01 00:00:00,SYSTEM,2024-01-01 00:00:00
301,301,8,STANDARD,669.09,311.62,49.74,1030.45,1,STANDARD,2024-01-01,2024-01-01 00:00:00,,True,SYSTEM,2024-01-01 00:00:00,SYSTEM,2024-01-01 00:00:00
302,302,8,STANDARD,1334.26,342.47,31.08,1707.81,1,STANDARD,2024-01-01,2024-01-01 00:00:00,,True,SYSTEM,2024-01-01 00:00:00,SYSTEM,2024-01-01 00:00:00
303,303,4,STANDARD,454.85,247.0,171.4,873.25,1,STANDARD,2024-01-01,2024-01-01 00:00:00,,True,SYSTEM,2024-01-01 00:00:00,SYSTEM,2024-01-01 00:00:00
304,304,5,STANDARD,464.29,225.3,85.78,775.37,1,STANDARD,2024-01-01,2024-01-01 00:00:00,,True,SYSTEM,2024-01-01 00:00:00,SYSTEM,2024-01-01 00:00:00
305,305,6,STANDARD,1653.07,311.79,80.89,2045.75,1,STANDARD,2024-01-01,2024-01-01 00:00:00,,True,SYSTEM,2024-01-01 00:00:00,SYSTEM,2024-01-01 00:00:00
306,306,4,STANDARD,1095.98,145.56,95.9,1337.44,1,STANDARD,2024-01-01,2024-01-01 00:00:00,,True,SYSTEM,2024-01-01 00:00:00,SYSTEM,2024-01-01 00:00:00
307,307,2,STANDARD,1193.75,65.43,76.17,1335.35,1,STANDARD,2024-01-01,2024-01-01 00:00:00,,True,SYSTEM,2024-01-01 00:00:00,SYSTEM,2024-01-01 00:00:00
308,308,6,STANDARD,890.29,20.53,161.72,1072.54,1,STANDARD,2024-01-01,2024-01-01 00:00:00,,True,SYSTEM,2024-01-01 00:00:00,SYSTEM,2024-01-01 00:00:00
309,309,3,STANDARD,885.89,174.1,184.89,1244.88,1,STANDARD,2024-01-01,2024-01-01 00:00:00,,True,SYSTEM,2024-01-01 00:00:00,SYSTEM,2024-01-01 00:00:00
310,310,2,STANDARD,1404.73,11.85,181.36,1597.94,1,STANDARD,2024-01-01,2024-01-01 00:00:00,,True,SYSTEM,2024-01-01 00:00:00,SYSTEM,2024-01-01 00:00:00
311,311,5,STANDARD,1169.33,347.89,38.2,1555.42,1,STANDARD,2024-01-01,2024-01-01 00:00:00,,True,SYSTEM,2024-01-01 00:00:00,SYSTEM,2024-01-01 00:00:00
312,312,7,STANDARD,432.75,319.13,29.74,781.62,1,STANDARD,2024-01-01,2024-01-01 00:00:00,,True,SYSTEM,2024-01-01 00:00:00,SYSTEM,2024-01-01 00:00:00
313,313,4,STANDARD,555.81,130.7,158.48,844.99,1,STANDARD,2024-01-01,2024-01-01 00:00:00,,True,SYSTEM,2024-01-01 00:00:00,SYSTEM,2024-01-01 00:00:00
314,314,1,STANDARD,317.0,307.02,79.75,703.77,1,STANDARD,2024-01-01,2024-01-01 00:00:00,,True,SYSTEM,2024-01-01 00:00:00,SYSTEM,2024-01-01 00:00:00
315,315,1,STANDARD,1852.31,484.12,186.19,2522.62,1,STANDARD,2024-01-01,2024-01-01 00:00:00,,True,SYSTEM,2024-01-01 00:00:00,SYSTEM,2024-01-01 00:00:00
316,316,1,STANDARD,885.84,385.84,168.47,1440.15,1,STANDARD,2024-01-01,2024-01-01 00:00:00,,True,SYSTEM,2024-01-01 00:00:00,SYSTEM,2024-01-01 00:00:00
317,317,2,STANDARD,532.02,204.99,76.26,813.27,1,STANDARD,2024-01-01,2024-01-01 00:00:00,,True,SYSTEM,2024-01-01 00:00:00,SYSTEM,2024-01-01 00:00:00
318,318,8,STANDARD,1512.33,295.95,58.58,1866.86,1,STANDARD,2024-01-01,2024-01-01 00:00:00,,True,SYSTEM,2024-01-01 00:00:00,SYSTEM,2024-01-01 00:00:00
319,319,4,STANDARD,83.57,479.47,107.24,670.28,1,STANDARD,2024-01-01,2024-01-01 00:00:00,,True,SYSTEM,2024-01-01 00:00:00,SYSTEM,2024-01-01 00:00:00
320,320,6,STANDARD,1942.43,201.45,156.02,2299.9,1,STANDARD,2024-01-01,2024-01-01 00:00:00,,True,SYSTEM,2024-01-01 00:00:00,SYSTEM,2024-01-01 00:00:00
321,321,5,STANDARD,498.58,63.53,106.39,668.5,1,STANDARD,2024-01-01,2024-01-01 00:00:00,,True,SYSTEM,2024-01-01 00:00:00,SYSTEM,2024-01-01 00:00:00
322,322,5,STANDARD,1947.86,64.81,199.35,2212.02,1,STANDARD,2024-01-01,2024-01-01 00:00:00,,True,SYSTEM,2024-01-01 00:00:00,SYSTEM,2024-01-01 00:00:00
323,323,6,STANDARD,1487.41,423.47,14.56,1925.44,1,STANDARD,2024-01-01,2024-01-01 00:00:00,,True,SYSTEM,2024-01-01 00:00:00,SYSTEM,2024-01-01 00:00:00
324,324,4,STANDARD,1387.95,318.18,90.25,1796.38,1,STANDARD,2024-01-01,2024-01-01 00:00:00,,True,SYSTEM,2024-01-01 00:00:00,SYSTEM,2024-01-01 00:00:00
325,325,3,STANDARD,1668.13,489.81,189.46,2347.4,1,STANDARD,2024-01-01,2024-01-01 00:00:00,,True,SYSTEM,2024-01-01 00:00:00,SYSTEM,2024-01-01 00:00:00
326,326,1,STANDARD,603.88,371.88,105.41,1081.17,1,STANDARD,2024-01-01,2024-01-01 00:00:00,,True,SYSTEM,2024-01-01 00:00:00,SYSTEM,2024-01-01 00:00:00
327,327,6,STANDARD,896.2,451.05,116.29,1463.54,1,STANDARD,2024-01-01,2024-01-01 00:00:00,,True,SYSTEM,2024-01-01 00:00:00,SYSTEM,2024-01-01 00:00:00
328,328,2,STANDARD,378.39,144.61,65.73,588.73,1,STANDARD,2024-01-01,2024-01-01 00:00:00,,True,SYSTEM,2024-01-01 00:00:00,SYSTEM,2024-01-01 00:00:00
329,329,1,STANDARD,1933.45,135.81,134.39,2203.65,1,STANDARD,2024-01-01,2024-01-01 00:00:00,,True,SYSTEM,2024-01-01 00:00:00,SYSTEM,2024-01-01 00:00:00
330,330,3,STANDARD,1234.95,70.14,44.02,1349.11,1,STANDARD,2024-01-01,2024-01-01 00:00:00,,True,SYSTEM,2024-01-01 00:00:00,SYSTEM,2024-01-01 00:00:00
331,331,6,STANDARD,1082.57,323.25,113.9,1519.72,1,STANDARD,2024-01-01,2024-01-01 00:00:00,,True,SYSTEM,2024-01-01 00:00:00,SYSTEM,2024-01-01 00:00:00
332,332,4,STANDARD,1687.57,387.27,121.33,2196.17,1,STANDARD,2024-01-01,2024-01-01 00:00:00,,True,SYSTEM,2024-01-01 00:00:00,SYSTEM,2024-01-01 00:00:00
333,333,4,STANDARD,1160.07,250.9,25.26,1436.23,1,STANDARD,2024-01-01,2024-01-01 00:00:00,,True,SYSTEM,2024-01-01 00:00:00,SYSTEM,2024-01-01 00:00:00
334,334,3,STANDARD,1787.18,362.57,179.61,2329.36,1,STANDARD,2024-01-01,2024-01-01 00:00:00,,True,SYSTEM,2024-01-01 00:00:00,SYSTEM,2024-01-01 00:00:00
335,335,4,STANDARD,1045.16,462.48,32.6,1540.24,1,STANDARD,2024-01-01,2024-01-01 00:00:00,,True,SYSTEM,2024-01-01 00:00:00,SYSTEM,2024-01-01 00:00:00
336,336,3,STANDARD,409.49,126.98,90.62,627.09,1,STANDARD,2024-01-01,2024-01-01 00:00:00,,True,SYSTEM,2024-01-01 00:00:00,SYSTEM,2024-01-01 00:00:00
337,337,1,STANDARD,180.52,193.04,191.4,564.96,1,STANDARD,2024-01-01,2024-01-01 00:00:00,,True,SYSTEM,2024-01-01 00:00:00,SYSTEM,2024-01-01 00:00:00
338,338,5,STANDARD,451.7,42.77,69.94,564.41,1,STANDARD,2024-01-01,2024-01-01 00:00:00,,True,SYSTEM,2024-01-01 00:00:00,SYSTEM,2024-01-01 00:00:00
339,339,3,STANDARD,353.87,302.43,20.16,676.46,1,STANDARD,2024-01-01,2024-01-01 00:00:00,,True,SYSTEM,2024-01-01 00:00:00,SYSTEM,2024-01-01 00:00:00
340,340,1,STANDARD,537.11,496.33,74.84,1108.28,1,STANDARD,2024-01-01,2024-01-01 00:00:00,,True,SYSTEM,2024-01-01 00:00:00,SYSTEM,2024-01-01 00:00:00
341,341,4,STANDARD,1953.05,198.06,137.15,2288.26,1,STANDARD,2024-01-01,2024-01-01 00:00:00,,True,SYSTEM,2024-01-01 00:00:00,SYSTEM,2024-01-01 00:00:00
342,342,6,STANDARD,193.58,139.82,198.05,531.45,1,STANDARD,2024-01-01,2024-01-01 00:00:00,,True,SYSTEM,2024-01-01 00:00:00,SYSTEM,2024-01-01 00:00:00
343,343,6,STANDARD,1352.49,218.72,133.5,1704.71,1,STANDARD,2024-01-01,2024-01-01 00:00:00,,True,SYSTEM,2024-01-01 00:00:00,SYSTEM,2024-01-01 00:00:00
344,344,5,STANDARD,1989.06,220.57,193.81,2403.44,1,STANDARD,2024-01-01,2024-01-01 00:00:00,,True,SYSTEM,2024-01-01 00:00:00,SYSTEM,2024-01-01 00:00:00
345,345,3,STANDARD,1646.34,45.51,88.58,1780.43,1,STANDARD,2024-01-01,2024-01-01 00:00:00,,True,SYSTEM,2024-01-01 00:00:00,SYSTEM,2024-01-01 00:00:00
346,346,7,STANDARD,1628.17,338.93,126.58,2093.68,1,STANDARD,2024-01-01,2024-01-01 00:00:00,,True,SYSTEM,2024-01-01 00:00:00,SYSTEM,2024-01-01 00:00:00
347,347,8,STANDARD,1985.5,165.85,76.62,2227.97,1,STANDARD,2024-01-01,2024-01-01 00:00:00,,True,SYSTEM,2024-01-01 00:00:00,SYSTEM,2024-01-01 00:00:00
348,348,4,STANDARD,1686.13,338.94,164.65,2189.72,1,STANDARD,2024-01-01,2024-01-01 00:00:00,,True,SYSTEM,2024-01-01 00:00:00,SYSTEM,2024-01-01 00:00:00
349,349,4,STANDARD,682.17,138.99,106.7,927.86,1,STANDARD,2024-01-01,2024-01-01 00:00:00,,True,SYSTEM,2024-01-01 00:00:00,SYSTEM,2024-01-01 00:00:00
350,350,8,STANDARD,918.93,174.27,125.51,1218.71,1,STANDARD,2024-01-01,2024-01-01 00:00:00,,True,SYSTEM,2024-01-01 00:00:00,SYSTEM,2024-01-01 00:00:00
351,351,3,STANDARD,929.77,450.27,164.99,1545.03,1,STANDARD,2024-01-01,2024-01-01 00:00:00,,True,SYSTEM,2024-01-01 00:00:00,SYSTEM,2024-01-01 00:00:00
352,352,8,STANDARD,1446.31,172.14,190.66,1809.11,1,STANDARD,2024-01-01,2024-01-01 00:00:00,,True,SYSTEM,2024-01-01 00:00:00,SYSTEM,2024-01-01 00:00:00
353,353,1,STANDARD,636.33,263.78,97.13,997.24,1,STANDARD,2024-01-01,2024-01-01 00:00:00,,True,SYSTEM,2024-01-01 00:00:00,SYSTEM,2024-01-01 00:00:00
354,354,5,STANDARD,158.67,483.76,151.93,794.36,1,STANDARD,2024-01-01,2024-01-01 00:00:00,,True,SYSTEM,2024-01-01 00:00:00,SYSTEM,2024-01-01 00:00:00
355,355,8,STANDARD,674.37,281.39,105.97,1061.73,1,STANDARD,2024-01-01,2024-01-01 00:00:00,,True,SYSTEM,2024-01-01 00:00:00,SYSTEM,2024-01-01 00:00:00
356,356,3,STANDARD,1025.44,219.74,161.8,1406.98,1,STANDARD,2024-01-01,2024-01-01 00:00:00,,True,SYSTEM,2024-01-01 00:00:00,SYSTEM,2024-01-01 00:00:00
357,357,7,STANDARD,927.69,331.81,173.42,1432.92,1,STANDARD,2024-01-01,2024-01-01 00:00:00,,True,SYSTEM,2024-01-01 00:00:00,SYSTEM,2024-01-01 00:00:00
358,358,2,STANDARD,222.44,100.51,47.74,370.69,1,STANDARD,2024-01-01,2024-01-01 00:00:00,,True,SYSTEM,2024-01-01 00:00:00,SYSTEM,2024-01-01 00:00:00
359,359,5,STANDARD,777.89,17.95,121.59,917.43,1,STANDARD,2024-01-01,2024-01-01 00:00:00,,True,SYSTEM,2024-01-01 00:00:00,SYSTEM,2024-01-01 00:00:00
360,360,8,STANDARD,1275.9,165.14,14.39,1455.43,1,STANDARD,2024-01-01,2024-01-01 00:00:00,,True,SYSTEM,2024-01-01 00:00:00,SYSTEM,2024-01-01 00:00:00
361,361,6,STANDARD,1878.93,254.48,80.65,2214.06,1,STANDARD,2024-01-01,2024-01-01 00:00:00,,True,SYSTEM,2024-01-01 00:00:00,SYSTEM,2024-01-01 00:00:00
362,362,6,STANDARD,231.9,460.35,5.92,698.17,1,STANDARD,2024-01-01,2024-01-01 00:00:00,,True,SYSTEM,2024-01-01 00:00:00,SYSTEM,2024-01-01 00:00:00
363,363,8,STANDARD,95.86,66.48,183.84,346.18,1,STANDARD,2024-01-01,2024-01-01 00:00:00,,True,SYSTEM,2024-01-01 00:00:00,SYSTEM,2024-01-01 00:00:00
364,364,7,STANDARD,1548.63,382.93,40.26,1971.82,1,STANDARD,2024-01-01,2024-01-01 00:00:00,,True,SYSTEM,2024-01-01 00:00:00,SYSTEM,2024-01-01 00:00:00
365,365,4,STANDARD,148.55,78.22,184.58,411.35,1,STANDARD,2024-01-01,2024-01-01 00:00:00,,True,SYSTEM,2024-01-01 00:00:00,SYSTEM,2024-01-01 00:00:00
366,366,3,STANDARD,109.45,133.91,100.04,343.4,1,STANDARD,2024-01-01,2024-01-01 00:00:00,,True,SYSTEM,2024-01-01 00:00:00,SYSTEM,2024-01-01 00:00:00
367,367,1,STANDARD,1468.35,394.28,91.16,1953.79,1,STANDARD,2024-01-01,2024-01-01 00:00:00,,True,SYSTEM,2024-01-01 00:00:00,SYSTEM,2024-01-01 00:00:00
368,368,7,STANDARD,595.26,163.33,193.52,952.11,1,STANDARD,2024-01-01,2024-01-01 00:00:00,,True,SYSTEM,2024-01-01 00:00:00,SYSTEM,2024-01-01 00:00:00
369,369,8,STANDARD,508.15,172.33,182.36,862.84,1,STANDARD,2024-01-01,2024-01-01 00:00:00,,True,SYSTEM,2024-01-01 00:00:00,SYSTEM,2024-01-01 00:00:00
370,370,8,STANDARD,962.36,313.2,145.37,1420.93,1,STANDARD,2024-01-01,2024-01-01 00:00:00,,True,SYSTEM,2024-01-01 00:00:00,SYSTEM,2024-01-01 00:00:00
371,371,4,STANDARD,57.51,231.63,58.65,347.79,1,STANDARD,2024-01-01,2024-01-01 00:00:00,,True,SYSTEM,2024-01-01 00:00:00,SYSTEM,2024-01-01 00:00:00
372,372,3,STANDARD,373.55,231.24,92.38,697.17,1,STANDARD,2024-01-01,2024-01-01 00:00:00,,True,SYSTEM,2024-01-01 00:00:00,SYSTEM,2024-01-01 00:00:00
373,373,2,STANDARD,461.95,230.68,114.84,807.47,1,STANDARD,2024-01-01,2024-01-01 00:00:00,,True,SYSTEM,2024-01-01 00:00:00,SYSTEM,2024-01-01 00:00:00
374,374,3,STANDARD,684.82,371.61,159.24,1215.67,1,STANDARD,2024-01-01,2024-01-01 00:00:00,,True,SYSTEM,2024-01-01 00:00:00,SYSTEM,2024-01-01 00:00:00
375,375,1,STANDARD,1810.61,255.13,193.8,2259.54,1,STANDARD,2024-01-01,2024-01-01 00:00:00,,True,SYSTEM,2024-01-01 00:00:00,SYSTEM,2024-01-01 00:00:00
376,376,4,STANDARD,1711.94,344.62,125.29,2181.85,1,STANDARD,2024-01-01,2024-01-01 00:00:00,,True,SYSTEM,2024-01-01 00:00:00,SYSTEM,2024-01-01 00:00:00
377,377,8,STANDARD,260.84,396.6,9.51,666.95,1,STANDARD,2024-01-01,2024-01-01 00:00:00,,True,SYSTEM,2024-01-01 00:00:00,SYSTEM,2024-01-01 00:00:00
378,378,4,STANDARD,380.71,140.02,38.18,558.91,1,STANDARD,2024-01-01,2024-01-01 00:00:00,,True,SYSTEM,2024-01-01 00:00:00,SYSTEM,2024-01-01 00:00:00
379,379,2,STANDARD,1716.18,325.66,139.48,2181.32,1,STANDARD,2024-01-01,2024-01-01 00:00:00,,True,SYSTEM,2024-01-01 00:00:00,SYSTEM,2024-01-01 00:00:00
380,380,5,STANDARD,349.91,260.6,181.36,791.87,1,STANDARD,2024-01-01,2024-01-01 00:00:00,,True,SYSTEM,2024-01-01 00:00:00,SYSTEM,2024-01-01 00:00:00
381,381,1,STANDARD,1549.14,341.47,100.47,1991.08,1,STANDARD,2024-01-01,2024-01-01 00:00:00,,True,SYSTEM,2024-01-01 00:00:00,SYSTEM,2024-01-01 00:00:00
382,382,8,STANDARD,1522.1,428.99,182.32,2133.41,1,STANDARD,2024-01-01,2024-01-01 00:00:00,,True,SYSTEM,2024-01-01 00:00:00,SYSTEM,2024-01-01 00:00:00
383,383,8,STANDARD,457.0,322.09,13.44,792.53,1,STANDARD,2024-01-01,2024-01-01 00:00:00,,True,SYSTEM,2024-01-01 00:00:00,SYSTEM,2024-01-01 00:00:00
384,384,8,STANDARD,1184.69,317.36,113.82,1615.87,1,STANDARD,2024-01-01,2024-01-01 00:00:00,,True,SYSTEM,2024-01-01 00:00:00,SYSTEM,2024-01-01 00:00:00
385,385,7,STANDARD,80.5,28.94,68.01,177.45,1,STANDARD,2024-01-01,2024-01-01 00:00:00,,True,SYSTEM,2024-01-01 00:00:00,SYSTEM,2024-01-01 00:00:00
386,386,4,STANDARD,404.75,331.33,175.66,911.74,1,STANDARD,2024-01-01,2024-01-01 00:00:00,,True,SYSTEM,2024-01-01 00:00:00,SYSTEM,2024-01-01 00:00:00
387,387,8,STANDARD,1821.88,467.55,172.04,2461.47,1,STANDARD,2024-01-01,2024-01-01 00:00:00,,True,SYSTEM,2024-01-01 00:00:00,SYSTEM,2024-01-01 00:00:00
388,388,8,STANDARD,1560.54,72.04,162.84,1795.42,1,STANDARD,2024-01-01,2024-01-01 00:00:00,,True,SYSTEM,2024-01-01 00:00:00,SYSTEM,2024-01-01 00:00:00
389,389,6,STANDARD,1982.7,97.24,115.09,2195.03,1,STANDARD,2024-01-01,2024-01-01 00:00:00,,True,SYSTEM,2024-01-01 00:00:00,SYSTEM,2024-01-01 00:00:00
390,390,5,STANDARD,382.55,336.91,126.17,845.63,1,STANDARD,2024-01-01,2024-01-01 00:00:00,,True,SYSTEM,2024-01-01 00:00:00,SYSTEM,2024-01-01 00:00:00
391,391,6,STANDARD,936.98,20.18,74.05,1031.21,1,STANDARD,2024-01-01,2024-01-01 00:00:00,,True,SYSTEM,2024-01-01 00:00:00,SYSTEM,2024-01-01 00:00:00
392,392,2,STANDARD,919.25,76.72,152.17,1148.14,1,STANDARD,2024-01-01,2024-01-01 00:00:00,,True,SYSTEM,2024-01-01 00:00:00,SYSTEM,2024-01-01 00:00:00
393,393,3,STANDARD,65.18,398.35,48.72,512.25,1,STANDARD,2024-01-01,2024-01-01 00:00:00,,True,SYSTEM,2024-01-01 00:00:00,SYSTEM,2024-01-01 00:00:00
394,394,4,STANDARD,1206.17,45.85,87.36,1339.38,1,STANDARD,2024-01-01,2024-01-01 00:00:00,,True,SYSTEM,2024-01-01 00:00:00,SYSTEM,2024-01-01 00:00:00
395,395,2,STANDARD,802.57,453.92,9.95,1266.44,1,STANDARD,2024-01-01,2024-01-01 00:00:00,,True,SYSTEM,2024-01-01 00:00:00,SYSTEM,2024-01-01 00:00:00
396,396,2,STANDARD,1748.88,379.66,84.78,2213.32,1,STANDARD,2024-01-01,2024-01-01 00:00:00,,True,SYSTEM,2024-01-01 00:00:00,SYSTEM,2024-01-01 00:00:00
397,397,7,STANDARD,1732.0,167.59,31.08,1930.67,1,STANDARD,2024-01-01,2024-01-01 00:00:00,,True,SYSTEM,2024-01-01 00:00:00,SYSTEM,2024-01-01 00:00:00
398,398,2,STANDARD,1081.77,454.26,186.02,1722.05,1,STANDARD,2024-01-01,2024-01-01 00:00:00,,True,SYSTEM,2024-01-01 00:00:00,SYSTEM,2024-01-01 00:00:00
399,399,5,STANDARD,1258.64,67.0,140.16,1465.8,1,STANDARD,2024-01-01,2024-01-01 00:00:00,,True,SYSTEM,2024-01-01 00:00:00,SYSTEM,2024-01-01 00:00:00
400,400,7,STANDARD,468.48,190.62,33.55,692.65,1,STANDARD,2024-01-01,2024-01-01 00:00:00,,True,SYSTEM,2024-01-01 00:00:00,SYSTEM,2024-01-01 00:00:00
401,401,6,STANDARD,789.88,43.53,178.68,1012.09,1,STANDARD,2024-01-01,2024-01-01 00:00:00,,True,SYSTEM,2024-01-01 00:00:00,SYSTEM,2024-01-01 00:00:00
402,402,3,STANDARD,1631.03,40.48,6.72,1678.23,1,STANDARD,2024-01-01,2024-01-01 00:00:00,,True,SYSTEM,2024-01-01 00:00:00,SYSTEM,2024-01-01 00:00:00
403,403,7,STANDARD,466.9,206.11,30.94,703.95,1,STANDARD,2024-01-01,2024-01-01 00:00:00,,True,SYSTEM,2024-01-01 00:00:00,SYSTEM,2024-01-01 00:00:00
404,404,2,STANDARD,1752.74,200.69,135.38,2088.81,1,STANDARD,2024-01-01,2024-01-01 00:00:00,,True,SYSTEM,2024-01-01 00:00:00,SYSTEM,2024-01-01 00:00:00
405,405,8,STANDARD,796.86,143.47,142.19,1082.52,1,STANDARD,2024-01-01,2024-01-01 00:00:00,,True,SYSTEM,2024-01-01 00:00:00,SYSTEM,2024-01-01 00:00:00
406,406,8,STANDARD,397.87,113.74,78.35,589.96,1,STANDARD,2024-01-01,2024-01-01 00:00:00,,True,SYSTEM,2024-01-01 00:00:00,SYSTEM,2024-01-01 00:00:00
407,407,4,STANDARD,685.81,301.18,92.85,1079.84,1,STANDARD,2024-01-01,2024-01-01 00:00:00,,True,SYSTEM,2024-01-01 00:00:00,SYSTEM,2024-01-01 00:00:00
408,408,7,STANDARD,145.37,186.14,159.55,491.06,1,STANDARD,2024-01-01,2024-01-01 00:00:00,,True,SYSTEM,2024-01-01 00:00:00,SYSTEM,2024-01-01 00:00:00
409,409,7,STANDARD,1879.17,297.35,111.53,2288.05,1,STANDARD,2024-01-01,2024-01-01 00:00:00,,True,SYSTEM,2024-01-01 00:00:00,SYSTEM,2024-01-01 00:00:00
410,410,6,STANDARD,1254.67,467.97,129.34,1851.98,1,STANDARD,2024-01-01,2024-01-01 00:00:00,,True,SYSTEM,2024-01-01 00:00:00,SYSTEM,2024-01-01 00:00:00
411,411,1,STANDARD,1757.83,142.76,137.7,2038.29,1,STANDARD,2024-01-01,2024-01-01 00:00:00,,True,SYSTEM,2024-01-01 00:00:00,SYSTEM,2024-01-01 00:00:00
412,412,1,STANDARD,1213.03,326.29,101.53,1640.85,1,STANDARD,2024-01-01,2024-01-01 00:00:00,,True,SYSTEM,2024-01-01 00:00:00,SYSTEM,2024-01-01 00:00:00
413,413,8,STANDARD,434.43,119.4,14.41,568.24,1,STANDARD,2024-01-01,2024-01-01 00:00:00,,True,SYSTEM,2024-01-01 00:00:00,SYSTEM,2024-01-01 00:00:00
414,414,4,STANDARD,1227.65,329.84,103.77,1661.26,1,STANDARD,2024-01-01,2024-01-01 00:00:00,,True,SYSTEM,2024-01-01 00:00:00,SYSTEM,2024-01-01 00:00:00
415,415,5,STANDARD,788.12,246.67,67.96,1102.75,1,STANDARD,2024-01-01,2024-01-01 00:00:00,,True,SYSTEM,2024-01-01 00:00:00,SYSTEM,2024-01-01 00:00:00
416,416,4,STANDARD,986.42,210.18,36.08,1232.68,1,STANDARD,2024-01-01,2024-01-01 00:00:00,,True,SYSTEM,2024-01-01 00:00:00,SYSTEM,2024-01-01 00:00:00
417,417,7,STANDARD,589.51,36.53,23.6,649.64,1,STANDARD,2024-01-01,2024-01-01 00:00:00,,True,SYSTEM,2024-01-01 00:00:00,SYSTEM,2024-01-01 00:00:00
418,418,2,STANDARD,526.04,294.71,175.89,996.64,1,STANDARD,2024-01-01,2024-01-01 00:00:00,,True,SYSTEM,2024-01-01 00:00:00,SYSTEM,2024-01-01 00:00:00
419,419,6,STANDARD,131.02,367.33,129.5,627.85,1,STANDARD,2024-01-01,2024-01-01 00:00:00,,True,SYSTEM,2024-01-01 00:00:00,SYSTEM,2024-01-01 00:00:00
420,420,2,STANDARD,631.47,191.12,133.4,955.99,1,STANDARD,2024-01-01,2024-01-01 00:00:00,,True,SYSTEM,2024-01-01 00:00:00,SYSTEM,2024-01-01 00:00:00
421,421,3,STANDARD,1391.75,391.62,131.05,1914.42,1,STANDARD,2024-01-01,2024-01-01 00:00:00,,True,SYSTEM,2024-01-01 00:00:00,SYSTEM,2024-01-01 00:00:00
422,422,3,STANDARD,857.73,176.94,147.89,1182.56,1,STANDARD,2024-01-01,2024-01-01 00:00:00,,True,SYSTEM,2024-01-01 00:00:00,SYSTEM,2024-01-01 00:00:00
423,423,2,STANDARD,883.85,33.46,138.6,1055.91,1,STANDARD,2024-01-01,2024-01-01 00:00:00,,True,SYSTEM,2024-01-01 00:00:00,SYSTEM,2024-01-01 00:00:00
424,424,4,STANDARD,57.41,232.92,86.78,377.11,1,STANDARD,2024-01-01,2024-01-01 00:00:00,,True,SYSTEM,2024-01-01 00:00:00,SYSTEM,2024-01-01 00:00:00
425,425,8,STANDARD,308.72,35.6,51.73,396.05,1,STANDARD,2024-01-01,2024-01-01 00:00:00,,True,SYSTEM,2024-01-01 00:00:00,SYSTEM,2024-01-01 00:00:00
426,426,6,STANDARD,1290.01,137.41,121.19,1548.61,1,STANDARD,2024-01-01,2024-01-01 00:00:00,,True,SYSTEM,2024-01-01 00:00:00,SYSTEM,2024-01-01 00:00:00
427,427,6,STANDARD,1347.85,490.02,40.73,1878.6,1,STANDARD,2024-01-01,2024-01-01 00:00:00,,True,SYSTEM,2024-01-01 00:00:00,SYSTEM,2024-01-01 00:00:00
428,428,4,STANDARD,832.36,448.55,194.32,1475.23,1,STANDARD,2024-01-01,2024-01-01 00:00:00,,True,SYSTEM,2024-01-01 00:00:00,SYSTEM,2024-01-01 00:00:00
429,429,4,STANDARD,1387.57,50.47,66.24,1504.28,1,STANDARD,2024-01-01,2024-01-01 00:00:00,,True,SYSTEM,2024-01-01 00:00:00,SYSTEM,2024-01-01 00:00:00
430,430,8,STANDARD,528.7,157.75,71.35,757.8,1,STANDARD,2024-01-01,2024-01-01 00:00:00,,True,SYSTEM,2024-01-01 00:00:00,SYSTEM,2024-01-01 00:00:00
431,431,3,STANDARD,785.82,99.21,122.86,1007.89,1,STANDARD,2024-01-01,2024-01-01 00:00:00,,True,SYSTEM,2024-01-01 00:00:00,SYSTEM,2024-01-01 00:00:00
432,432,6,STANDARD,337.19,349.87,91.11,778.17,1,STANDARD,2024-01-01,2024-01-01 00:00:00,,True,SYSTEM,2024-01-01 00:00:00,SYSTEM,2024-01-01 00:00:00
433,433,6,STANDARD,1947.11,141.2,41.44,2129.75,1,STANDARD,2024-01-01,2024-01-01 00:00:00,,True,SYSTEM,2024-01-01 00:00:00,SYSTEM,2024-01-01 00:00:00
434,434,5,STANDARD,1633.68,477.11,162.6,2273.39,1,STANDARD,2024-01-01,2024-01-01 00:00:00,,True,SYSTEM,2024-01-01 00:00:00,SYSTEM,2024-01-01 00:00:00
435,435,1,STANDARD,1399.62,60.3,99.82,1559.74,1,STANDARD,2024-01-01,2024-01-01 00:00:00,,True,SYSTEM,2024-01-01 00:00:00,SYSTEM,2024-01-01 00:00:00
436,436,2,STANDARD,1073.85,301.05,39.8,1414.7,1,STANDARD,2024-01-01,2024-01-01 00:00:00,,True,SYSTEM,2024-01-01 00:00:00,SYSTEM,2024-01-01 00:00:00
437,437,8,STANDARD,1031.12,328.96,30.89,1390.97,1,STANDARD,2024-01-01,2024-01-01 00:00:00,,True,SYSTEM,2024-01-01 00:00:00,SYSTEM,2024-01-01 00:00:00
438,438,6,STANDARD,716.84,23.92,123.46,864.22,1,STANDARD,2024-01-01,2024-01-01 00:00:00,,True,SYSTEM,2024-01-01 00:00:00,SYSTEM,2024-01-01 00:00:00
439,439,7,STANDARD,842.03,467.27,168.13,1477.43,1,STANDARD,2024-01-01,2024-01-01 00:00:00,,True,SYSTEM,2024-01-01 00:00:00,SYSTEM,2024-01-01 00:00:00
440,440,7,STANDARD,1830.54,74.6,141.88,2047.02,1,STANDARD,2024-01-01,2024-01-01 00:00:00,,True,SYSTEM,2024-01-01 00:00:00,SYSTEM,2024-01-01 00:00:00
441,441,4,STANDARD,863.46,236.83,93.72,1194.01,1,STANDARD,2024-01-01,2024-01-01 00:00:00,,True,SYSTEM,2024-01-01 00:00:00,SYSTEM,2024-01-01 00:00:00
442,442,2,STANDARD,708.7,160.16,194.27,1063.13,1,STANDARD,2024-01-01,2024-01-01 00:00:00,,True,SYSTEM,2024-01-01 00:00:00,SYSTEM,2024-01-01 00:00:00
443,443,3,STANDARD,1251.26,67.64,68.46,1387.36,1,STANDARD,2024-01-01,2024-01-01 00:00:00,,True,SYSTEM,2024-01-01 00:00:00,SYSTEM,2024-01-01 00:00:00
444,444,1,STANDARD,1214.71,51.46,19.22,1285.39,1,STANDARD,2024-01-01,2024-01-01 00:00:00,,True,SYSTEM,2024-01-01 00:00:00,SYSTEM,2024-01-01 00:00:00
445,445,6,STANDARD,1642.8,19.2,186.35,1848.35,1,STANDARD,2024-01-01,2024-01-01 00:00:00,,True,SYSTEM,2024-01-01 00:00:00,SYSTEM,2024-01-01 00:00:00
446,446,2,STANDARD,995.87,130.28,199.02,1325.17,1,STANDARD,2024-01-01,2024-01-01 00:00:00,,True,SYSTEM,2024-01-01 00:00:00,SYSTEM,2024-01-01 00:00:00
447,447,5,STANDARD,1643.86,157.33,113.72,1914.91,1,STANDARD,2024-01-01,2024-01-01 00:00:00,,True,SYSTEM,2024-01-01 00:00:00,SYSTEM,2024-01-01 00:00:00
448,448,1,STANDARD,1328.17,398.04,163.83,1890.04,1,STANDARD,2024-01-01,2024-01-01 00:00:00,,True,SYSTEM,2024-01-01 00:00:00,SYSTEM,2024-01-01 00:00:00
449,449,2,STANDARD,1733.26,23.93,23.37,1780.56,1,STANDARD,2024-01-01,2024-01-01 00:00:00,,True,SYSTEM,2024-01-01 00:00:00,SYSTEM,2024-01-01 00:00:00
450,450,5,STANDARD,1975.5,409.98,60.8,2446.28,1,STANDARD,2024-01-01,2024-01-01 00:00:00,,True,SYSTEM,2024-01-01 00:00:00,SYSTEM,2024-01-01 00:00:00
451,451,7,STANDARD,106.43,442.24,117.36,666.03,1,STANDARD,2024-01-01,2024-01-01 00:00:00,,True,SYSTEM,2024-01-01 00:00:00,SYSTEM,2024-01-01 00:00:00
452,452,6,STANDARD,1638.26,83.38,35.78,1757.42,1,STANDARD,2024-01-01,2024-01-01 00:00:00,,True,SYSTEM,2024-01-01 00:00:00,SYSTEM,2024-01-01 00:00:00
453,453,2,STANDARD,945.03,368.52,188.39,1501.94,1,STANDARD,2024-01-01,2024-01-01 00:00:00,,True,SYSTEM,2024-01-01 00:00:00,SYSTEM,2024-01-01 00:00:00
454,454,4,STANDARD,1597.44,469.6,61.28,2128.32,1,STANDARD,2024-01-01,2024-01-01 00:00:00,,True,SYSTEM,2024-01-01 00:00:00,SYSTEM,2024-01-01 00:00:00
455,455,4,STANDARD,1063.9,78.55,146.97,1289.42,1,STANDARD,2024-01-01,2024-01-01 00:00:00,,True,SYSTEM,2024-01-01 00:00:00,SYSTEM,2024-01-01 00:00:00
456,456,7,STANDARD,100.7,479.19,117.29,697.18,1,STANDARD,2024-01-01,2024-01-01 00:00:00,,True,SYSTEM,2024-01-01 00:00:00,SYSTEM,2024-01-01 00:00:00
457,457,8,STANDARD,697.79,484.37,13.38,1195.54,1,STANDARD,2024-01-01,2024-01-01 00:00:00,,True,SYSTEM,2024-01-01 00:00:00,SYSTEM,2024-01-01 00:00:00
458,458,4,STANDARD,734.75,284.15,165.11,1184.01,1,STANDARD,2024-01-01,2024-01-01 00:00:00,,True,SYSTEM,2024-01-01 00:00:00,SYSTEM,2024-01-01 00:00:00
459,459,8,STANDARD,851.63,479.8,163.45,1494.88,1,STANDARD,2024-01-01,2024-01-01 00:00:00,,True,SYSTEM,2024-01-01 00:00:00,SYSTEM,2024-01-01 00:00:00
460,460,3,STANDARD,1134.68,167.44,176.62,1478.74,1,STANDARD,2024-01-01,2024-01-01 00:00:00,,True,SYSTEM,2024-01-01 00:00:00,SYSTEM,2024-01-01 00:00:00
461,461,4,STANDARD,639.68,209.44,94.49,943.61,1,STANDARD,2024-01-01,2024-01-01 00:00:00,,True,SYSTEM,2024-01-01 00:00:00,SYSTEM,2024-01-01 00:00:00
462,462,4,STANDARD,838.53,182.55,125.17,1146.25,1,STANDARD,2024-01-01,2024-01-01 00:00:00,,True,SYSTEM,2024-01-01 00:00:00,SYSTEM,2024-01-01 00:00:00
463,463,6,STANDARD,76.28,20.9,68.15,165.33,1,STANDARD,2024-01-01,2024-01-01 00:00:00,,True,SYSTEM,2024-01-01 00:00:00,SYSTEM,2024-01-01 00:00:00
464,464,6,STANDARD,1285.93,483.86,103.31,1873.1,1,STANDARD,2024-01-01,2024-01-01 00:00:00,,True,SYSTEM,2024-01-01 00:00:00,SYSTEM,2024-01-01 00:00:00
465,465,5,STANDARD,1173.11,234.48,88.43,1496.02,1,STANDARD,2024-01-01,2024-01-01 00:00:00,,True,SYSTEM,2024-01-01 00:00:00,SYSTEM,2024-01-01 00:00:00
466,466,2,STANDARD,1963.19,452.64,97.88,2513.71,1,STANDARD,2024-01-01,2024-01-01 00:00:00,,True,SYSTEM,2024-01-01 00:00:00,SYSTEM,2024-01-01 00:00:00
467,467,5,STANDARD,1073.0,103.39,13.92,1190.31,1,STANDARD,2024-01-01,2024-01-01 00:00:00,,True,SYSTEM,2024-01-01 00:00:00,SYSTEM,2024-01-01 00:00:00
468,468,5,STANDARD,221.28,408.64,116.32,746.24,1,STANDARD,2024-01-01,2024-01-01 00:00:00,,True,SYSTEM,2024-01-01 00:00:00,SYSTEM,2024-01-01 00:00:00
469,469,7,STANDARD,245.32,47.18,36.87,329.37,1,STANDARD,2024-01-01,2024-01-01 00:00:00,,True,SYSTEM,2024-01-01 00:00:00,SYSTEM,2024-01-01 00:00:00
470,470,1,STANDARD,1189.83,275.53,68.1,1533.46,1,STANDARD,2024-01-01,2024-01-01 00:00:00,,True,SYSTEM,2024-01-01 00:00:00,SYSTEM,2024-01-01 00:00:00
471,471,3,STANDARD,1315.92,300.96,101.25,1718.13,1,STANDARD,2024-01-01,2024-01-01 00:00:00,,True,SYSTEM,2024-01-01 00:00:00,SYSTEM,2024-01-01 00:00:00
472,472,8,STANDARD,1064.73,422.79,24.48,1512.0,1,STANDARD,2024-01-01,2024-01-01 00:00:00,,True,SYSTEM,2024-01-01 00:00:00,SYSTEM,2024-01-01 00:00:00
473,473,2,STANDARD,997.17,410.32,39.06,1446.55,1,STANDARD,2024-01-01,2024-01-01 00:00:00,,True,SYSTEM,2024-01-01 00:00:00,SYSTEM,2024-01-01 00:00:00
474,474,5,STANDARD,389.01,24.67,56.39,470.07,1,STANDARD,2024-01-01,2024-01-01 00:00:00,,True,SYSTEM,2024-01-01 00:00:00,SYSTEM,2024-01-01 00:00:00
475,475,1,STANDARD,1159.72,358.27,68.9,1586.89,1,STANDARD,2024-01-01,2024-01-01 00:00:00,,True,SYSTEM,2024-01-01 00:00:00,SYSTEM,2024-01-01 00:00:00
476,476,1,STANDARD,438.73,370.6,140.99,950.32,1,STANDARD,2024-01-01,2024-01-01 00:00:00,,True,SYSTEM,2024-01-01 00:00:00,SYSTEM,2024-01-01 00:00:00
477,477,1,STANDARD,1425.63,128.77,19.9,1574.3,1,STANDARD,2024-01-01,2024-01-01 00:00:00,,True,SYSTEM,2024-01-01 00:00:00,SYSTEM,2024-01-01 00:00:00
478,478,8,STANDARD,209.97,95.13,109.32,414.42,1,STANDARD,2024-01-01,2024-01-01 00:00:00,,True,SYSTEM,2024-01-01 00:00:00,SYSTEM,2024-01-01 00:00:00
479,479,2,STANDARD,1652.23,307.91,161.32,2121.46,1,STANDARD,2024-01-01,2024-01-01 00:00:00,,True,SYSTEM,2024-01-01 00:00:00,SYSTEM,2024-01-01 00:00:00
480,480,7,STANDARD,1326.19,168.29,24.5,1518.98,1,STANDARD,2024-01-01,2024-01-01 00:00:00,,True,SYSTEM,2024-01-01 00:00:00,SYSTEM,2024-01-01 00:00:00
481,481,4,STANDARD,113.41,315.02,161.98,590.41,1,STANDARD,2024-01-01,2024-01-01 00:00:00,,True,SYSTEM,2024-01-01 00:00:00,SYSTEM,2024-01-01 00:00:00
482,482,6,STANDARD,570.46,132.27,196.81,899.54,1,STANDARD,2024-01-01,2024-01-01 00:00:00,,True,SYSTEM,2024-01-01 00:00:00,SYSTEM,2024-01-01 00:00:00
483,483,4,STANDARD,990.09,447.99,100.56,1538.64,1,STANDARD,2024-01-01,2024-01-01 00:00:00,,True,SYSTEM,2024-01-01 00:00:00,SYSTEM,2024-01-01 00:00:00
484,484,1,STANDARD,436.15,241.67,109.95,787.77,1,STANDARD,2024-01-01,2024-01-01 00:00:00,,True,SYSTEM,2024-01-01 00:00:00,SYSTEM,2024-01-01 00:00:00
485,485,8,STANDARD,873.79,47.44,85.27,1006.5,1,STANDARD,2024-01-01,2024-01-01 00:00:00,,True,SYSTEM,2024-01-01 00:00:00,SYSTEM,2024-01-01 00:00:00
486,486,8,STANDARD,218.89,273.83,77.57,570.29,1,STANDARD,2024-01-01,2024-01-01 00:00:00,,True,SYSTEM,2024-01-01 00:00:00,SYSTEM,2024-01-01 00:00:00
487,487,4,STANDARD,298.48,175.4,182.66,656.54,1,STANDARD,2024-01-01,2024-01-01 00:00:00,,True,SYSTEM,2024-01-01 00:00:00,SYSTEM,2024-01-01 00:00:00
488,488,7,STANDARD,85.79,406.58,90.1,582.47,1,STANDARD,2024-01-01,2024-01-01 00:00:00,,True,SYSTEM,2024-01-01 00:00:00,SYSTEM,2024-01-01 00:00:00
489,489,1,STANDARD,1892.73,301.14,122.54,2316.41,1,STANDARD,2024-01-01,2024-01-01 00:00:00,,True,SYSTEM,2024-01-01 00:00:00,SYSTEM,2024-01-01 00:00:00
490,490,3,STANDARD,188.68,183.22,174.74,546.64,1,STANDARD,2024-01-01,2024-01-01 00:00:00,,True,SYSTEM,2024-01-01 00:00:00,SYSTEM,2024-01-01 00:00:00
491,491,3,STANDARD,1738.07,101.88,37.61,1877.56,1,STANDARD,2024-01-01,2024-01-01 00:00:00,,True,SYSTEM,2024-01-01 00:00:00,SYSTEM,2024-01-01 00:00:00
492,492,2,STANDARD,1798.29,467.74,164.85,2430.88,1,STANDARD,2024-01-01,2024-01-01 00:00:00,,True,SYSTEM,2024-01-01 00:00:00,SYSTEM,2024-01-01 00:00:00
493,493,1,STANDARD,950.58,203.96,126.69,1281.23,1,STANDARD,2024-01-01,2024-01-01 00:00:00,,True,SYSTEM,2024-01-01 00:00:00,SYSTEM,2024-01-01 00:00:00
494,494,2,STANDARD,1932.63,448.32,93.56,2474.51,1,STANDARD,2024-01-01,2024-01-01 00:00:00,,True,SYSTEM,2024-01-01 00:00:00,SYSTEM,2024-01-01 00:00:00
495,495,8,STANDARD,1862.18,357.08,147.29,2366.55,1,STANDARD,2024-01-01,2024-01-01 00:00:00,,True,SYSTEM,2024-01-01 00:00:00,SYSTEM,2024-01-01 00:00:00
496,496,7,STANDARD,1282.08,220.8,73.76,1576.64,1,STANDARD,2024-01-01,2024-01-01 00:00:00,,True,SYSTEM,2024-01-01 00:00:00,SYSTEM,2024-01-01 00:00:00
497,497,2,STANDARD,62.8,239.03,184.2,486.03,1,STANDARD,2024-01-01,2024-01-01 00:00:00,,True,SYSTEM,2024-01-01 00:00:00,SYSTEM,2024-01-01 00:00:00
498,498,5,STANDARD,874.53,54.25,31.72,960.5,1,STANDARD,2024-01-01,2024-01-01 00:00:00,,True,SYSTEM,2024-01-01 00:00:00,SYSTEM,2024-01-01 00:00:00
499,499,6,STANDARD,1091.02,87.95,74.3,1253.27,1,STANDARD,2024-01-01,2024-01-01 00:00:00,,True,SYSTEM,2024-01-01 00:00:00,SYSTEM,2024-01-01 00:00:00
500,500,7,STANDARD,1864.42,306.06,16.35,2186.83,1,STANDARD,2024-01-01,2024-01-01 00:00:00,,True,SYSTEM,2024-01-01 00:00:00,SYSTEM,2024-01-01 00:00:00
