SUPPLIER_ID,SUPPLIER_CODE,PARTY_ID,SUPPLIER_STATUS,SUPPLIER_TYPE,SUPPLIER_CLASS,APPROVAL_DATE,PRIMARY_CONTACT_PERSON_ID,PAYMENT_TERMS,CURRENCY_ID,TAX_IDENTIFICATION_NUMBER,DUNS_NUMBER,CERTIFICATION_STATUS,VALID_FROM_TIMESTAMP,VALID_TO_TIMESTAMP,IS_CURRENT_FLAG,CREATED_BY_USER,CREATED_TIMESTAMP,UPDATED_BY_USER,UPDATED_TIMESTAMP
1,SUP-00001,1,ACTIVE,APPROVED,B,2020-04-14,,NET45,2,TAX000000001,860000001,"ISO9001,ISO13485",2020-01-01 00:00:00,,True,SYSTEM,2020-01-01 00:00:00,SYSTEM,2020-01-01 00:00:00
2,SUP-00002,2,ACTIVE,STANDARD,C,2021-07-19,,NET30,5,TAX000000002,860000002,ISO9001,2020-01-01 00:00:00,,True,SYSTEM,2020-01-01 00:00:00,SYSTEM,2020-01-01 00:00:00
3,SUP-00003,3,ACTIVE,APPROVED,A,2020-10-11,,NET45,1,TAX000000003,860000003,PENDING,2020-01-01 00:00:00,,True,SYSTEM,2020-01-01 00:00:00,SYSTEM,2020-01-01 00:00:00
4,SUP-00004,4,ACTIVE,APPROVED,C,2020-06-16,,NET30,2,TAX000000004,860000004,"ISO9001,ISO14001",2020-01-01 00:00:00,,True,SYSTEM,2020-01-01 00:00:00,SYSTEM,2020-01-01 00:00:00
5,SUP-00005,5,ACTIVE,PREFERRED,A,2020-03-08,,NET60,5,TAX000000005,860000005,"ISO9001,ISO13485",2020-01-01 00:00:00,,True,SYSTEM,2020-01-01 00:00:00,SYSTEM,2020-01-01 00:00:00
6,SUP-00006,6,ACTIVE,PREFERRED,B,2022-02-03,,NET45,2,TAX000000006,860000006,"ISO9001,ISO13485",2020-01-01 00:00:00,,True,SYSTEM,2020-01-01 00:00:00,SYSTEM,2020-01-01 00:00:00
7,SUP-00007,7,ACTIVE,STRATEGIC,A,2022-03-22,,NET30,2,TAX000000007,860000007,"ISO9001,ISO14001",2020-01-01 00:00:00,,True,SYSTEM,2020-01-01 00:00:00,SYSTEM,2020-01-01 00:00:00
8,SUP-00008,8,ACTIVE,APPROVED,C,2022-02-26,,NET30,1,TAX000000008,860000008,"ISO9001,ISO13485",2020-01-01 00:00:00,,True,SYSTEM,2020-01-01 00:00:00,SYSTEM,2020-01-01 00:00:00
9,SUP-00009,9,ACTIVE,PREFERRED,C,2020-06-05,,NET30,3,TAX000000009,860000009,"ISO9001,ISO14001",2020-01-01 00:00:00,,True,SYSTEM,2020-01-01 00:00:00,SYSTEM,2020-01-01 00:00:00
10,SUP-00010,10,ACTIVE,STRATEGIC,A,2020-02-29,,NET60,3,TAX000000010,860000010,"ISO9001,ISO14001",2020-01-01 00:00:00,,True,SYSTEM,2020-01-01 00:00:00,SYSTEM,2020-01-01 00:00:00
11,SUP-00011,11,ACTIVE,PREFERRED,A,2021-06-24,,2/10NET30,2,TAX000000011,860000011,"ISO9001,ISO13485",2020-01-01 00:00:00,,True,SYSTEM,2020-01-01 00:00:00,SYSTEM,2020-01-01 00:00:00
12,SUP-00012,12,ACTIVE,APPROVED,B,2020-08-18,,2/10NET30,1,TAX000000012,860000012,"ISO9001,ISO14001",2020-01-01 00:00:00,,True,SYSTEM,2020-01-01 00:00:00,SYSTEM,2020-01-01 00:00:00
13,SUP-00013,13,ACTIVE,STRATEGIC,C,2022-07-16,,NET30,2,TAX000000013,860000013,ISO9001,2020-01-01 00:00:00,,True,SYSTEM,2020-01-01 00:00:00,SYSTEM,2020-01-01 00:00:00
14,SUP-00014,14,ACTIVE,PREFERRED,C,2022-03-14,,NET45,5,TAX000000014,860000014,"ISO9001,ISO14001",2020-01-01 00:00:00,,True,SYSTEM,2020-01-01 00:00:00,SYSTEM,2020-01-01 00:00:00
15,SUP-00015,15,ACTIVE,STANDARD,B,2021-02-16,,NET30,1,TAX000000015,860000015,ISO9001,2020-01-01 00:00:00,,True,SYSTEM,2020-01-01 00:00:00,SYSTEM,2020-01-01 00:00:00
16,SUP-00016,16,ACTIVE,STANDARD,A,2022-06-14,,NET60,5,TAX000000016,860000016,"ISO9001,ISO14001",2020-01-01 00:00:00,,True,SYSTEM,2020-01-01 00:00:00,SYSTEM,2020-01-01 00:00:00
17,SUP-00017,17,ACTIVE,STRATEGIC,A,2021-05-07,,NET45,5,TAX000000017,860000017,PENDING,2020-01-01 00:00:00,,True,SYSTEM,2020-01-01 00:00:00,SYSTEM,2020-01-01 00:00:00
18,SUP-00018,18,ACTIVE,STANDARD,B,2020-07-13,,2/10NET30,5,TAX000000018,860000018,"ISO9001,ISO14001",2020-01-01 00:00:00,,True,SYSTEM,2020-01-01 00:00:00,SYSTEM,2020-01-01 00:00:00
19,SUP-00019,19,ACTIVE,STANDARD,C,2022-05-21,,NET45,1,TAX000000019,860000019,ISO9001,2020-01-01 00:00:00,,True,SYSTEM,2020-01-01 00:00:00,SYSTEM,2020-01-01 00:00:00
20,SUP-00020,20,ACTIVE,STRATEGIC,C,2022-08-15,,NET30,5,TAX000000020,860000020,"ISO9001,ISO13485",2020-01-01 00:00:00,,True,SYSTEM,2020-01-01 00:00:00,SYSTEM,2020-01-01 00:00:00
21,SUP-00021,21,ACTIVE,APPROVED,B,2021-04-14,,NET60,1,TAX000000021,860000021,ISO9001,2020-01-01 00:00:00,,True,SYSTEM,2020-01-01 00:00:00,SYSTEM,2020-01-01 00:00:00
22,SUP-00022,22,ACTIVE,APPROVED,A,2020-06-10,,NET45,3,TAX000000022,860000022,"ISO9001,ISO13485",2020-01-01 00:00:00,,True,SYSTEM,2020-01-01 00:00:00,SYSTEM,2020-01-01 00:00:00
23,SUP-00023,23,ACTIVE,STRATEGIC,A,2022-01-30,,NET60,1,TAX000000023,860000023,ISO9001,2020-01-01 00:00:00,,True,SYSTEM,2020-01-01 00:00:00,SYSTEM,2020-01-01 00:00:00
24,SUP-00024,24,ACTIVE,APPROVED,C,2020-04-04,,2/10NET30,3,TAX000000024,860000024,ISO9001,2020-01-01 00:00:00,,True,SYSTEM,2020-01-01 00:00:00,SYSTEM,2020-01-01 00:00:00
25,SUP-00025,25,ACTIVE,PREFERRED,C,2020-04-24,,2/10NET30,5,TAX000000025,860000025,ISO9001,2020-01-01 00:00:00,,True,SYSTEM,2020-01-01 00:00:00,SYSTEM,2020-01-01 00:00:00
26,SUP-00026,26,ACTIVE,PREFERRED,B,2021-01-08,,NET45,1,TAX000000026,860000026,"ISO9001,ISO13485",2020-01-01 00:00:00,,True,SYSTEM,2020-01-01 00:00:00,SYSTEM,2020-01-01 00:00:00
27,SUP-00027,27,ACTIVE,STANDARD,C,2022-09-26,,NET45,2,TAX000000027,860000027,"ISO9001,ISO14001",2020-01-01 00:00:00,,True,SYSTEM,2020-01-01 00:00:00,SYSTEM,2020-01-01 00:00:00
28,SUP-00028,28,ACTIVE,PREFERRED,B,2022-06-12,,NET45,1,TAX000000028,860000028,PENDING,2020-01-01 00:00:00,,True,SYSTEM,2020-01-01 00:00:00,SYSTEM,2020-01-01 00:00:00
29,SUP-00029,29,ACTIVE,PREFERRED,A,2020-10-12,,NET45,5,TAX000000029,860000029,"ISO9001,ISO13485",2020-01-01 00:00:00,,True,SYSTEM,2020-01-01 00:00:00,SYSTEM,2020-01-01 00:00:00
30,SUP-00030,30,ACTIVE,STRATEGIC,B,2020-04-21,,NET45,3,TAX000000030,860000030,ISO9001,2020-01-01 00:00:00,,True,SYSTEM,2020-01-01 00:00:00,SYSTEM,2020-01-01 00:00:00
31,SUP-00031,31,ACTIVE,APPROVED,A,2021-01-07,,2/10NET30,1,TAX000000031,860000031,"ISO9001,ISO14001",2020-01-01 00:00:00,,True,SYSTEM,2020-01-01 00:00:00,SYSTEM,2020-01-01 00:00:00
32,SUP-00032,32,ACTIVE,STANDARD,B,2020-07-15,,2/10NET30,3,TAX000000032,860000032,"ISO9001,ISO14001",2020-01-01 00:00:00,,True,SYSTEM,2020-01-01 00:00:00,SYSTEM,2020-01-01 00:00:00
33,SUP-00033,33,ACTIVE,APPROVED,B,2021-04-21,,NET45,5,TAX000000033,860000033,"ISO9001,ISO13485",2020-01-01 00:00:00,,True,SYSTEM,2020-01-01 00:00:00,SYSTEM,2020-01-01 00:00:00
34,SUP-00034,34,ACTIVE,APPROVED,C,2021-11-19,,NET60,1,TAX000000034,860000034,"ISO9001,ISO14001",2020-01-01 00:00:00,,True,SYSTEM,2020-01-01 00:00:00,SYSTEM,2020-01-01 00:00:00
35,SUP-00035,35,ACTIVE,STRATEGIC,B,2021-05-21,,2/10NET30,2,TAX000000035,860000035,PENDING,2020-01-01 00:00:00,,True,SYSTEM,2020-01-01 00:00:00,SYSTEM,2020-01-01 00:00:00
36,SUP-00036,36,ACTIVE,STANDARD,A,2020-05-16,,NET45,1,TAX000000036,860000036,PENDING,2020-01-01 00:00:00,,True,SYSTEM,2020-01-01 00:00:00,SYSTEM,2020-01-01 00:00:00
37,SUP-00037,37,ACTIVE,STANDARD,C,2021-04-05,,2/10NET30,2,TAX000000037,860000037,PENDING,2020-01-01 00:00:00,,True,SYSTEM,2020-01-01 00:00:00,SYSTEM,2020-01-01 00:00:00
38,SUP-00038,38,ACTIVE,STRATEGIC,C,2020-12-09,,NET60,2,TAX000000038,860000038,"ISO9001,ISO13485",2020-01-01 00:00:00,,True,SYSTEM,2020-01-01 00:00:00,SYSTEM,2020-01-01 00:00:00
39,SUP-00039,39,ACTIVE,PREFERRED,A,2021-07-09,,2/10NET30,5,TAX000000039,860000039,"ISO9001,ISO13485",2020-01-01 00:00:00,,True,SYSTEM,2020-01-01 00:00:00,SYSTEM,2020-01-01 00:00:00
40,SUP-00040,40,ACTIVE,STRATEGIC,C,2022-08-23,,2/10NET30,5,TAX000000040,860000040,ISO9001,2020-01-01 00:00:00,,True,SYSTEM,2020-01-01 00:00:00,SYSTEM,2020-01-01 00:00:00
41,SUP-00041,41,ACTIVE,STANDARD,B,2021-11-15,,NET30,5,TAX000000041,860000041,"ISO9001,ISO13485",2020-01-01 00:00:00,,True,SYSTEM,2020-01-01 00:00:00,SYSTEM,2020-01-01 00:00:00
42,SUP-00042,42,ACTIVE,STRATEGIC,A,2020-07-05,,2/10NET30,2,TAX000000042,860000042,PENDING,2020-01-01 00:00:00,,True,SYSTEM,2020-01-01 00:00:00,SYSTEM,2020-01-01 00:00:00
43,SUP-00043,43,ACTIVE,STANDARD,B,2021-04-26,,2/10NET30,3,TAX000000043,860000043,ISO9001,2020-01-01 00:00:00,,True,SYSTEM,2020-01-01 00:00:00,SYSTEM,2020-01-01 00:00:00
44,SUP-00044,44,ACTIVE,STRATEGIC,A,2021-09-28,,NET45,2,TAX000000044,860000044,ISO9001,2020-01-01 00:00:00,,True,SYSTEM,2020-01-01 00:00:00,SYSTEM,2020-01-01 00:00:00
45,SUP-00045,45,ACTIVE,APPROVED,B,2022-09-14,,NET45,1,TAX000000045,860000045,"ISO9001,ISO14001",2020-01-01 00:00:00,,True,SYSTEM,2020-01-01 00:00:00,SYSTEM,2020-01-01 00:00:00
46,SUP-00046,46,ACTIVE,STRATEGIC,C,2022-05-20,,NET45,1,TAX000000046,860000046,"ISO9001,ISO13485",2020-01-01 00:00:00,,True,SYSTEM,2020-01-01 00:00:00,SYSTEM,2020-01-01 00:00:00
47,SUP-00047,47,ACTIVE,APPROVED,A,2021-03-19,,2/10NET30,5,TAX000000047,860000047,ISO9001,2020-01-01 00:00:00,,True,SYSTEM,2020-01-01 00:00:00,SYSTEM,2020-01-01 00:00:00
48,SUP-00048,48,ACTIVE,APPROVED,C,2022-04-25,,2/10NET30,5,TAX000000048,860000048,PENDING,2020-01-01 00:00:00,,True,SYSTEM,2020-01-01 00:00:00,SYSTEM,2020-01-01 00:00:00
49,SUP-00049,49,ACTIVE,STANDARD,C,2021-05-21,,2/10NET30,3,TAX000000049,860000049,ISO9001,2020-01-01 00:00:00,,True,SYSTEM,2020-01-01 00:00:00,SYSTEM,2020-01-01 00:00:00
50,SUP-00050,50,ACTIVE,APPROVED,C,2020-09-04,,NET30,2,TAX000000050,860000050,ISO9001,2020-01-01 00:00:00,,True,SYSTEM,2020-01-01 00:00:00,SYSTEM,2020-01-01 00:00:00
51,SUP-00051,51,ACTIVE,STRATEGIC,B,2020-11-09,,NET45,5,TAX000000051,860000051,"ISO9001,ISO14001",2020-01-01 00:00:00,,True,SYSTEM,2020-01-01 00:00:00,SYSTEM,2020-01-01 00:00:00
52,SUP-00052,52,ACTIVE,APPROVED,B,2020-09-14,,2/10NET30,3,TAX000000052,860000052,"ISO9001,ISO13485",2020-01-01 00:00:00,,True,SYSTEM,2020-01-01 00:00:00,SYSTEM,2020-01-01 00:00:00
53,SUP-00053,53,ACTIVE,PREFERRED,A,2020-04-12,,2/10NET30,3,TAX000000053,860000053,"ISO9001,ISO13485",2020-01-01 00:00:00,,True,SYSTEM,2020-01-01 00:00:00,SYSTEM,2020-01-01 00:00:00
54,SUP-00054,54,ACTIVE,PREFERRED,B,2021-12-15,,NET30,1,TAX000000054,860000054,"ISO9001,ISO13485",2020-01-01 00:00:00,,True,SYSTEM,2020-01-01 00:00:00,SYSTEM,2020-01-01 00:00:00
55,SUP-00055,55,ACTIVE,STANDARD,B,2020-09-15,,NET60,2,TAX000000055,860000055,ISO9001,2020-01-01 00:00:00,,True,SYSTEM,2020-01-01 00:00:00,SYSTEM,2020-01-01 00:00:00
56,SUP-00056,56,ACTIVE,STRATEGIC,A,2020-09-11,,NET45,3,TAX000000056,860000056,ISO9001,2020-01-01 00:00:00,,True,SYSTEM,2020-01-01 00:00:00,SYSTEM,2020-01-01 00:00:00
57,SUP-00057,57,ACTIVE,STANDARD,B,2021-10-02,,NET30,1,TAX000000057,860000057,"ISO9001,ISO14001",2020-01-01 00:00:00,,True,SYSTEM,2020-01-01 00:00:00,SYSTEM,2020-01-01 00:00:00
58,SUP-00058,58,ACTIVE,PREFERRED,A,2020-10-25,,2/10NET30,5,TAX000000058,860000058,PENDING,2020-01-01 00:00:00,,True,SYSTEM,2020-01-01 00:00:00,SYSTEM,2020-01-01 00:00:00
59,SUP-00059,59,ACTIVE,APPROVED,C,2021-07-11,,NET45,5,TAX000000059,860000059,ISO9001,2020-01-01 00:00:00,,True,SYSTEM,2020-01-01 00:00:00,SYSTEM,2020-01-01 00:00:00
60,SUP-00060,60,ACTIVE,APPROVED,C,2021-04-24,,NET60,5,TAX000000060,860000060,ISO9001,2020-01-01 00:00:00,,True,SYSTEM,2020-01-01 00:00:00,SYSTEM,2020-01-01 00:00:00
61,SUP-00061,61,ACTIVE,STRATEGIC,B,2020-04-03,,NET60,3,TAX000000061,860000061,ISO9001,2020-01-01 00:00:00,,True,SYSTEM,2020-01-01 00:00:00,SYSTEM,2020-01-01 00:00:00
62,SUP-00062,62,ACTIVE,STANDARD,B,2022-09-19,,NET45,5,TAX000000062,860000062,PENDING,2020-01-01 00:00:00,,True,SYSTEM,2020-01-01 00:00:00,SYSTEM,2020-01-01 00:00:00
63,SUP-00063,63,ACTIVE,PREFERRED,B,2021-11-09,,2/10NET30,5,TAX000000063,860000063,"ISO9001,ISO13485",2020-01-01 00:00:00,,True,SYSTEM,2020-01-01 00:00:00,SYSTEM,2020-01-01 00:00:00
64,SUP-00064,64,ACTIVE,STRATEGIC,B,2020-02-25,,NET30,5,TAX000000064,860000064,PENDING,2020-01-01 00:00:00,,True,SYSTEM,2020-01-01 00:00:00,SYSTEM,2020-01-01 00:00:00
65,SUP-00065,65,ACTIVE,PREFERRED,B,2020-01-30,,2/10NET30,5,TAX000000065,860000065,ISO9001,2020-01-01 00:00:00,,True,SYSTEM,2020-01-01 00:00:00,SYSTEM,2020-01-01 00:00:00
66,SUP-00066,66,ACTIVE,PREFERRED,A,2021-05-25,,2/10NET30,1,TAX000000066,860000066,"ISO9001,ISO14001",2020-01-01 00:00:00,,True,SYSTEM,2020-01-01 00:00:00,SYSTEM,2020-01-01 00:00:00
67,SUP-00067,67,ACTIVE,PREFERRED,B,2020-10-09,,NET45,2,TAX000000067,860000067,ISO9001,2020-01-01 00:00:00,,True,SYSTEM,2020-01-01 00:00:00,SYSTEM,2020-01-01 00:00:00
68,SUP-00068,68,ACTIVE,STANDARD,A,2020-12-06,,2/10NET30,5,TAX000000068,860000068,"ISO9001,ISO13485",2020-01-01 00:00:00,,True,SYSTEM,2020-01-01 00:00:00,SYSTEM,2020-01-01 00:00:00
69,SUP-00069,69,ACTIVE,STANDARD,A,2022-02-01,,2/10NET30,1,TAX000000069,860000069,"ISO9001,ISO13485",2020-01-01 00:00:00,,True,SYSTEM,2020-01-01 00:00:00,SYSTEM,2020-01-01 00:00:00
70,SUP-00070,70,ACTIVE,APPROVED,A,2020-01-16,,2/10NET30,1,TAX000000070,860000070,PENDING,2020-01-01 00:00:00,,True,SYSTEM,2020-01-01 00:00:00,SYSTEM,2020-01-01 00:00:00
71,SUP-00071,71,ACTIVE,STANDARD,C,2022-09-04,,NET30,3,TAX000000071,860000071,PENDING,2020-01-01 00:00:00,,True,SYSTEM,2020-01-01 00:00:00,SYSTEM,2020-01-01 00:00:00
72,SUP-00072,72,ACTIVE,APPROVED,A,2022-02-17,,NET30,5,TAX000000072,860000072,ISO9001,2020-01-01 00:00:00,,True,SYSTEM,2020-01-01 00:00:00,SYSTEM,2020-01-01 00:00:00
73,SUP-00073,73,ACTIVE,APPROVED,B,2020-09-07,,NET60,5,TAX000000073,860000073,"ISO9001,ISO14001",2020-01-01 00:00:00,,True,SYSTEM,2020-01-01 00:00:00,SYSTEM,2020-01-01 00:00:00
74,SUP-00074,74,ACTIVE,PREFERRED,B,2021-10-15,,NET45,2,TAX000000074,860000074,PENDING,2020-01-01 00:00:00,,True,SYSTEM,2020-01-01 00:00:00,SYSTEM,2020-01-01 00:00:00
75,SUP-00075,75,ACTIVE,PREFERRED,A,2021-10-16,,2/10NET30,3,TAX000000075,860000075,"ISO9001,ISO13485",2020-01-01 00:00:00,,True,SYSTEM,2020-01-01 00:00:00,SYSTEM,2020-01-01 00:00:00
76,SUP-00076,76,ACTIVE,STRATEGIC,A,2021-12-17,,2/10NET30,3,TAX000000076,860000076,"ISO9001,ISO13485",2020-01-01 00:00:00,,True,SYSTEM,2020-01-01 00:00:00,SYSTEM,2020-01-01 00:00:00
77,SUP-00077,77,ACTIVE,STRATEGIC,C,2021-09-13,,2/10NET30,3,TAX000000077,860000077,"ISO9001,ISO14001",2020-01-01 00:00:00,,True,SYSTEM,2020-01-01 00:00:00,SYSTEM,2020-01-01 00:00:00
78,SUP-00078,78,ACTIVE,STRATEGIC,B,2022-01-19,,2/10NET30,1,TAX000000078,860000078,"ISO9001,ISO13485",2020-01-01 00:00:00,,True,SYSTEM,2020-01-01 00:00:00,SYSTEM,2020-01-01 00:00:00
79,SUP-00079,79,ACTIVE,APPROVED,C,2022-07-24,,NET60,2,TAX000000079,860000079,"ISO9001,ISO13485",2020-01-01 00:00:00,,True,SYSTEM,2020-01-01 00:00:00,SYSTEM,2020-01-01 00:00:00
80,SUP-00080,80,ACTIVE,STANDARD,C,2020-01-15,,NET60,1,TAX000000080,860000080,PENDING,2020-01-01 00:00:00,,True,SYSTEM,2020-01-01 00:00:00,SYSTEM,2020-01-01 00:00:00
81,SUP-00081,81,ACTIVE,APPROVED,A,2021-09-26,,NET45,5,TAX000000081,860000081,ISO9001,2020-01-01 00:00:00,,True,SYSTEM,2020-01-01 00:00:00,SYSTEM,2020-01-01 00:00:00
82,SUP-00082,82,ACTIVE,STRATEGIC,A,2021-05-19,,NET30,1,TAX000000082,860000082,"ISO9001,ISO13485",2020-01-01 00:00:00,,True,SYSTEM,2020-01-01 00:00:00,SYSTEM,2020-01-01 00:00:00
83,SUP-00083,83,ACTIVE,STANDARD,C,2022-05-03,,NET45,5,TAX000000083,860000083,ISO9001,2020-01-01 00:00:00,,True,SYSTEM,2020-01-01 00:00:00,SYSTEM,2020-01-01 00:00:00
84,SUP-00084,84,ACTIVE,STANDARD,A,2021-07-11,,NET60,1,TAX000000084,860000084,"ISO9001,ISO13485",2020-01-01 00:00:00,,True,SYSTEM,2020-01-01 00:00:00,SYSTEM,2020-01-01 00:00:00
85,SUP-00085,85,ACTIVE,STRATEGIC,C,2022-03-16,,NET45,1,TAX000000085,860000085,ISO9001,2020-01-01 00:00:00,,True,SYSTEM,2020-01-01 00:00:00,SYSTEM,2020-01-01 00:00:00
86,SUP-00086,86,ACTIVE,PREFERRED,A,2020-10-10,,NET60,2,TAX000000086,860000086,ISO9001,2020-01-01 00:00:00,,True,SYSTEM,2020-01-01 00:00:00,SYSTEM,2020-01-01 00:00:00
87,SUP-00087,87,ACTIVE,PREFERRED,A,2020-01-17,,NET60,2,TAX000000087,860000087,"ISO9001,ISO13485",2020-01-01 00:00:00,,True,SYSTEM,2020-01-01 00:00:00,SYSTEM,2020-01-01 00:00:00
88,SUP-00088,88,ACTIVE,STANDARD,B,2021-05-30,,NET60,1,TAX000000088,860000088,PENDING,2020-01-01 00:00:00,,True,SYSTEM,2020-01-01 00:00:00,SYSTEM,2020-01-01 00:00:00
89,SUP-00089,89,ACTIVE,STRATEGIC,B,2021-05-17,,2/10NET30,5,TAX000000089,860000089,ISO9001,2020-01-01 00:00:00,,True,SYSTEM,2020-01-01 00:00:00,SYSTEM,2020-01-01 00:00:00
90,SUP-00090,90,ACTIVE,APPROVED,B,2020-04-11,,NET60,5,TAX000000090,860000090,PENDING,2020-01-01 00:00:00,,True,SYSTEM,2020-01-01 00:00:00,SYSTEM,2020-01-01 00:00:00
91,SUP-00091,91,ACTIVE,APPROVED,B,2020-11-16,,2/10NET30,5,TAX000000091,860000091,ISO9001,2020-01-01 00:00:00,,True,SYSTEM,2020-01-01 00:00:00,SYSTEM,2020-01-01 00:00:00
92,SUP-00092,92,ACTIVE,STRATEGIC,A,2022-04-11,,2/10NET30,1,TAX000000092,860000092,"ISO9001,ISO13485",2020-01-01 00:00:00,,True,SYSTEM,2020-01-01 00:00:00,SYSTEM,2020-01-01 00:00:00
93,SUP-00093,93,ACTIVE,STANDARD,C,2020-12-26,,NET30,3,TAX000000093,860000093,"ISO9001,ISO13485",2020-01-01 00:00:00,,True,SYSTEM,2020-01-01 00:00:00,SYSTEM,2020-01-01 00:00:00
94,SUP-00094,94,ACTIVE,APPROVED,C,2021-08-10,,NET60,1,TAX000000094,860000094,"ISO9001,ISO13485",2020-01-01 00:00:00,,True,SYSTEM,2020-01-01 00:00:00,SYSTEM,2020-01-01 00:00:00
95,SUP-00095,95,ACTIVE,APPROVED,C,2020-01-07,,NET60,3,TAX000000095,860000095,"ISO9001,ISO13485",2020-01-01 00:00:00,,True,SYSTEM,2020-01-01 00:00:00,SYSTEM,2020-01-01 00:00:00
96,SUP-00096,96,ACTIVE,PREFERRED,B,2020-06-10,,2/10NET30,5,TAX000000096,860000096,"ISO9001,ISO13485",2020-01-01 00:00:00,,True,SYSTEM,2020-01-01 00:00:00,SYSTEM,2020-01-01 00:00:00
97,SUP-00097,97,ACTIVE,STRATEGIC,C,2021-11-08,,NET30,3,TAX000000097,860000097,PENDING,2020-01-01 00:00:00,,True,SYSTEM,2020-01-01 00:00:00,SYSTEM,2020-01-01 00:00:00
98,SUP-00098,98,ACTIVE,STRATEGIC,B,2021-11-25,,2/10NET30,1,TAX000000098,860000098,"ISO9001,ISO13485",2020-01-01 00:00:00,,True,SYSTEM,2020-01-01 00:00:00,SYSTEM,2020-01-01 00:00:00
99,SUP-00099,99,ACTIVE,STRATEGIC,A,2022-02-24,,NET45,3,TAX000000099,860000099,"ISO9001,ISO14001",2020-01-01 00:00:00,,True,SYSTEM,2020-01-01 00:00:00,SYSTEM,2020-01-01 00:00:00
100,SUP-00100,100,ACTIVE,PREFERRED,A,2020-03-14,,2/10NET30,2,TAX000000100,860000100,"ISO9001,ISO13485",2020-01-01 00:00:00,,True,SYSTEM,2020-01-01 00:00:00,SYSTEM,2020-01-01 00:00:00
101,SUP-00101,101,ACTIVE,STANDARD,C,2020-04-27,,2/10NET30,5,TAX000000101,860000101,"ISO9001,ISO13485",2020-01-01 00:00:00,,True,SYSTEM,2020-01-01 00:00:00,SYSTEM,2020-01-01 00:00:00
102,SUP-00102,102,ACTIVE,STRATEGIC,A,2021-02-09,,2/10NET30,5,TAX000000102,860000102,ISO9001,2020-01-01 00:00:00,,True,SYSTEM,2020-01-01 00:00:00,SYSTEM,2020-01-01 00:00:00
103,SUP-00103,103,ACTIVE,STRATEGIC,C,2022-01-14,,NET45,3,TAX000000103,860000103,"ISO9001,ISO13485",2020-01-01 00:00:00,,True,SYSTEM,2020-01-01 00:00:00,SYSTEM,2020-01-01 00:00:00
104,SUP-00104,104,ACTIVE,PREFERRED,C,2021-04-20,,NET30,2,TAX000000104,860000104,PENDING,2020-01-01 00:00:00,,True,SYSTEM,2020-01-01 00:00:00,SYSTEM,2020-01-01 00:00:00
105,SUP-00105,105,ACTIVE,STANDARD,B,2020-12-26,,NET60,3,TAX000000105,860000105,ISO9001,2020-01-01 00:00:00,,True,SYSTEM,2020-01-01 00:00:00,SYSTEM,2020-01-01 00:00:00
106,SUP-00106,106,ACTIVE,APPROVED,A,2021-08-17,,NET30,5,TAX000000106,860000106,PENDING,2020-01-01 00:00:00,,True,SYSTEM,2020-01-01 00:00:00,SYSTEM,2020-01-01 00:00:00
107,SUP-00107,107,ACTIVE,PREFERRED,A,2022-01-01,,2/10NET30,1,TAX000000107,860000107,"ISO9001,ISO13485",2020-01-01 00:00:00,,True,SYSTEM,2020-01-01 00:00:00,SYSTEM,2020-01-01 00:00:00
108,SUP-00108,108,ACTIVE,PREFERRED,B,2021-02-22,,NET60,3,TAX000000108,860000108,PENDING,2020-01-01 00:00:00,,True,SYSTEM,2020-01-01 00:00:00,SYSTEM,2020-01-01 00:00:00
109,SUP-00109,109,ACTIVE,STANDARD,B,2020-03-24,,NET60,2,TAX000000109,860000109,"ISO9001,ISO13485",2020-01-01 00:00:00,,True,SYSTEM,2020-01-01 00:00:00,SYSTEM,2020-01-01 00:00:00
110,SUP-00110,110,ACTIVE,STRATEGIC,B,2021-11-17,,2/10NET30,3,TAX000000110,860000110,"ISO9001,ISO14001",2020-01-01 00:00:00,,True,SYSTEM,2020-01-01 00:00:00,SYSTEM,2020-01-01 00:00:00
111,SUP-00111,111,ACTIVE,PREFERRED,A,2020-08-19,,NET60,5,TAX000000111,860000111,"ISO9001,ISO14001",2020-01-01 00:00:00,,True,SYSTEM,2020-01-01 00:00:00,SYSTEM,2020-01-01 00:00:00
112,SUP-00112,112,ACTIVE,STRATEGIC,C,2020-06-06,,NET60,2,TAX000000112,860000112,PENDING,2020-01-01 00:00:00,,True,SYSTEM,2020-01-01 00:00:00,SYSTEM,2020-01-01 00:00:00
113,SUP-00113,113,ACTIVE,PREFERRED,B,2021-06-30,,NET60,5,TAX000000113,860000113,"ISO9001,ISO14001",2020-01-01 00:00:00,,True,SYSTEM,2020-01-01 00:00:00,SYSTEM,2020-01-01 00:00:00
114,SUP-00114,114,ACTIVE,APPROVED,B,2022-03-31,,2/10NET30,2,TAX000000114,860000114,"ISO9001,ISO14001",2020-01-01 00:00:00,,True,SYSTEM,2020-01-01 00:00:00,SYSTEM,2020-01-01 00:00:00
115,SUP-00115,115,ACTIVE,STRATEGIC,B,2021-04-05,,NET30,2,TAX000000115,860000115,"ISO9001,ISO13485",2020-01-01 00:00:00,,True,SYSTEM,2020-01-01 00:00:00,SYSTEM,2020-01-01 00:00:00
116,SUP-00116,116,ACTIVE,STANDARD,A,2021-01-30,,2/10NET30,3,TAX000000116,860000116,"ISO9001,ISO14001",2020-01-01 00:00:00,,True,SYSTEM,2020-01-01 00:00:00,SYSTEM,2020-01-01 00:00:00
117,SUP-00117,117,ACTIVE,APPROVED,A,2022-07-28,,NET45,1,TAX000000117,860000117,"ISO9001,ISO13485",2020-01-01 00:00:00,,True,SYSTEM,2020-01-01 00:00:00,SYSTEM,2020-01-01 00:00:00
118,SUP-00118,118,ACTIVE,APPROVED,A,2022-03-05,,NET45,5,TAX000000118,860000118,ISO9001,2020-01-01 00:00:00,,True,SYSTEM,2020-01-01 00:00:00,SYSTEM,2020-01-01 00:00:00
119,SUP-00119,119,ACTIVE,STANDARD,A,2021-10-09,,NET30,5,TAX000000119,860000119,ISO9001,2020-01-01 00:00:00,,True,SYSTEM,2020-01-01 00:00:00,SYSTEM,2020-01-01 00:00:00
120,SUP-00120,120,ACTIVE,APPROVED,A,2021-06-20,,2/10NET30,2,TAX000000120,860000120,ISO9001,2020-01-01 00:00:00,,True,SYSTEM,2020-01-01 00:00:00,SYSTEM,2020-01-01 00:00:00
121,SUP-00121,121,ACTIVE,STRATEGIC,C,2022-02-04,,2/10NET30,3,TAX000000121,860000121,"ISO9001,ISO13485",2020-01-01 00:00:00,,True,SYSTEM,2020-01-01 00:00:00,SYSTEM,2020-01-01 00:00:00
122,SUP-00122,122,ACTIVE,APPROVED,A,2022-04-13,,NET30,3,TAX000000122,860000122,"ISO9001,ISO13485",2020-01-01 00:00:00,,True,SYSTEM,2020-01-01 00:00:00,SYSTEM,2020-01-01 00:00:00
123,SUP-00123,123,ACTIVE,STRATEGIC,B,2022-06-26,,NET45,1,TAX000000123,860000123,"ISO9001,ISO14001",2020-01-01 00:00:00,,True,SYSTEM,2020-01-01 00:00:00,SYSTEM,2020-01-01 00:00:00
124,SUP-00124,124,ACTIVE,STRATEGIC,C,2022-06-01,,NET45,3,TAX000000124,860000124,"ISO9001,ISO13485",2020-01-01 00:00:00,,True,SYSTEM,2020-01-01 00:00:00,SYSTEM,2020-01-01 00:00:00
125,SUP-00125,125,ACTIVE,STANDARD,B,2021-12-09,,NET60,2,TAX000000125,860000125,PENDING,2020-01-01 00:00:00,,True,SYSTEM,2020-01-01 00:00:00,SYSTEM,2020-01-01 00:00:00
126,SUP-00126,126,ACTIVE,PREFERRED,C,2020-03-22,,NET60,3,TAX000000126,860000126,ISO9001,2020-01-01 00:00:00,,True,SYSTEM,2020-01-01 00:00:00,SYSTEM,2020-01-01 00:00:00
127,SUP-00127,127,ACTIVE,PREFERRED,C,2020-02-13,,2/10NET30,3,TAX000000127,860000127,PENDING,2020-01-01 00:00:00,,True,SYSTEM,2020-01-01 00:00:00,SYSTEM,2020-01-01 00:00:00
128,SUP-00128,128,ACTIVE,STANDARD,B,2022-05-19,,NET45,1,TAX000000128,860000128,"ISO9001,ISO14001",2020-01-01 00:00:00,,True,SYSTEM,2020-01-01 00:00:00,SYSTEM,2020-01-01 00:00:00
129,SUP-00129,129,ACTIVE,STRATEGIC,C,2021-01-15,,NET45,5,TAX000000129,860000129,"ISO9001,ISO13485",2020-01-01 00:00:00,,True,SYSTEM,2020-01-01 00:00:00,SYSTEM,2020-01-01 00:00:00
130,SUP-00130,130,ACTIVE,APPROVED,A,2021-05-26,,NET30,1,TAX000000130,860000130,"ISO9001,ISO14001",2020-01-01 00:00:00,,True,SYSTEM,2020-01-01 00:00:00,SYSTEM,2020-01-01 00:00:00
131,SUP-00131,131,ACTIVE,PREFERRED,C,2020-05-05,,NET60,5,TAX000000131,860000131,"ISO9001,ISO14001",2020-01-01 00:00:00,,True,SYSTEM,2020-01-01 00:00:00,SYSTEM,2020-01-01 00:00:00
132,SUP-00132,132,ACTIVE,APPROVED,C,2022-07-01,,NET60,1,TAX000000132,860000132,"ISO9001,ISO13485",2020-01-01 00:00:00,,True,SYSTEM,2020-01-01 00:00:00,SYSTEM,2020-01-01 00:00:00
133,SUP-00133,133,ACTIVE,PREFERRED,B,2021-04-23,,NET30,3,TAX000000133,860000133,"ISO9001,ISO13485",2020-01-01 00:00:00,,True,SYSTEM,2020-01-01 00:00:00,SYSTEM,2020-01-01 00:00:00
134,SUP-00134,134,ACTIVE,STANDARD,B,2021-10-19,,NET30,2,TAX000000134,860000134,"ISO9001,ISO13485",2020-01-01 00:00:00,,True,SYSTEM,2020-01-01 00:00:00,SYSTEM,2020-01-01 00:00:00
135,SUP-00135,135,ACTIVE,PREFERRED,A,2021-06-14,,2/10NET30,1,TAX000000135,860000135,ISO9001,2020-01-01 00:00:00,,True,SYSTEM,2020-01-01 00:00:00,SYSTEM,2020-01-01 00:00:00
136,SUP-00136,136,ACTIVE,APPROVED,A,2020-05-08,,NET60,2,TAX000000136,860000136,"ISO9001,ISO13485",2020-01-01 00:00:00,,True,SYSTEM,2020-01-01 00:00:00,SYSTEM,2020-01-01 00:00:00
137,SUP-00137,137,ACTIVE,PREFERRED,C,2020-03-24,,NET60,1,TAX000000137,860000137,ISO9001,2020-01-01 00:00:00,,True,SYSTEM,2020-01-01 00:00:00,SYSTEM,2020-01-01 00:00:00
138,SUP-00138,138,ACTIVE,APPROVED,C,2022-04-04,,NET60,5,TAX000000138,860000138,"ISO9001,ISO14001",2020-01-01 00:00:00,,True,SYSTEM,2020-01-01 00:00:00,SYSTEM,2020-01-01 00:00:00
139,SUP-00139,139,ACTIVE,STANDARD,B,2020-11-16,,NET45,3,TAX000000139,860000139,"ISO9001,ISO14001",2020-01-01 00:00:00,,True,SYSTEM,2020-01-01 00:00:00,SYSTEM,2020-01-01 00:00:00
140,SUP-00140,140,ACTIVE,STRATEGIC,B,2020-09-30,,NET45,5,TAX000000140,860000140,ISO9001,2020-01-01 00:00:00,,True,SYSTEM,2020-01-01 00:00:00,SYSTEM,2020-01-01 00:00:00
141,SUP-00141,141,ACTIVE,STANDARD,A,2020-07-13,,NET45,3,TAX000000141,860000141,"ISO9001,ISO13485",2020-01-01 00:00:00,,True,SYSTEM,2020-01-01 00:00:00,SYSTEM,2020-01-01 00:00:00
142,SUP-00142,142,ACTIVE,STRATEGIC,B,2021-08-20,,2/10NET30,2,TAX000000142,860000142,"ISO9001,ISO14001",2020-01-01 00:00:00,,True,SYSTEM,2020-01-01 00:00:00,SYSTEM,2020-01-01 00:00:00
143,SUP-00143,143,ACTIVE,STANDARD,B,2020-05-17,,NET30,1,TAX000000143,860000143,PENDING,2020-01-01 00:00:00,,True,SYSTEM,2020-01-01 00:00:00,SYSTEM,2020-01-01 00:00:00
144,SUP-00144,144,ACTIVE,PREFERRED,B,2021-05-31,,NET60,1,TAX000000144,860000144,PENDING,2020-01-01 00:00:00,,True,SYSTEM,2020-01-01 00:00:00,SYSTEM,2020-01-01 00:00:00
145,SUP-00145,145,ACTIVE,APPROVED,C,2021-09-08,,NET60,2,TAX000000145,860000145,"ISO9001,ISO14001",2020-01-01 00:00:00,,True,SYSTEM,2020-01-01 00:00:00,SYSTEM,2020-01-01 00:00:00
146,SUP-00146,146,ACTIVE,STANDARD,C,2020-12-01,,2/10NET30,2,TAX000000146,860000146,"ISO9001,ISO14001",2020-01-01 00:00:00,,True,SYSTEM,2020-01-01 00:00:00,SYSTEM,2020-01-01 00:00:00
147,SUP-00147,147,ACTIVE,STANDARD,C,2021-01-12,,NET60,5,TAX000000147,860000147,ISO9001,2020-01-01 00:00:00,,True,SYSTEM,2020-01-01 00:00:00,SYSTEM,2020-01-01 00:00:00
148,SUP-00148,148,ACTIVE,APPROVED,C,2020-06-23,,NET45,1,TAX000000148,860000148,PENDING,2020-01-01 00:00:00,,True,SYSTEM,2020-01-01 00:00:00,SYSTEM,2020-01-01 00:00:00
149,SUP-00149,149,ACTIVE,PREFERRED,A,2020-06-04,,2/10NET30,3,TAX000000149,860000149,PENDING,2020-01-01 00:00:00,,True,SYSTEM,2020-01-01 00:00:00,SYSTEM,2020-01-01 00:00:00
150,SUP-00150,150,ACTIVE,PREFERRED,C,2020-11-17,,NET60,5,TAX000000150,860000150,PENDING,2020-01-01 00:00:00,,True,SYSTEM,2020-01-01 00:00:00,SYSTEM,2020-01-01 00:00:00
151,SUP-00151,151,ACTIVE,PREFERRED,A,2022-08-22,,NET60,3,TAX000000151,860000151,"ISO9001,ISO14001",2020-01-01 00:00:00,,True,SYSTEM,2020-01-01 00:00:00,SYSTEM,2020-01-01 00:00:00
152,SUP-00152,152,ACTIVE,APPROVED,B,2022-04-18,,NET30,5,TAX000000152,860000152,PENDING,2020-01-01 00:00:00,,True,SYSTEM,2020-01-01 00:00:00,SYSTEM,2020-01-01 00:00:00
153,SUP-00153,153,ACTIVE,APPROVED,C,2022-04-27,,2/10NET30,2,TAX000000153,860000153,"ISO9001,ISO14001",2020-01-01 00:00:00,,True,SYSTEM,2020-01-01 00:00:00,SYSTEM,2020-01-01 00:00:00
154,SUP-00154,154,ACTIVE,PREFERRED,A,2020-02-23,,NET30,2,TAX000000154,860000154,"ISO9001,ISO14001",2020-01-01 00:00:00,,True,SYSTEM,2020-01-01 00:00:00,SYSTEM,2020-01-01 00:00:00
155,SUP-00155,155,ACTIVE,PREFERRED,B,2022-02-13,,2/10NET30,5,TAX000000155,860000155,"ISO9001,ISO14001",2020-01-01 00:00:00,,True,SYSTEM,2020-01-01 00:00:00,SYSTEM,2020-01-01 00:00:00
156,SUP-00156,156,ACTIVE,STRATEGIC,A,2022-05-06,,2/10NET30,2,TAX000000156,860000156,ISO9001,2020-01-01 00:00:00,,True,SYSTEM,2020-01-01 00:00:00,SYSTEM,2020-01-01 00:00:00
157,SUP-00157,157,ACTIVE,STRATEGIC,B,2022-06-29,,NET60,5,TAX000000157,860000157,PENDING,2020-01-01 00:00:00,,True,SYSTEM,2020-01-01 00:00:00,SYSTEM,2020-01-01 00:00:00
158,SUP-00158,158,ACTIVE,STANDARD,C,2022-01-24,,NET60,2,TAX000000158,860000158,ISO9001,2020-01-01 00:00:00,,True,SYSTEM,2020-01-01 00:00:00,SYSTEM,2020-01-01 00:00:00
159,SUP-00159,159,ACTIVE,STRATEGIC,B,2021-05-03,,NET30,2,TAX000000159,860000159,"ISO9001,ISO14001",2020-01-01 00:00:00,,True,SYSTEM,2020-01-01 00:00:00,SYSTEM,2020-01-01 00:00:00
160,SUP-00160,160,ACTIVE,APPROVED,B,2021-12-10,,NET30,3,TAX000000160,860000160,"ISO9001,ISO13485",2020-01-01 00:00:00,,True,SYSTEM,2020-01-01 00:00:00,SYSTEM,2020-01-01 00:00:00
161,SUP-00161,161,ACTIVE,APPROVED,C,2021-09-21,,NET30,3,TAX000000161,860000161,"ISO9001,ISO13485",2020-01-01 00:00:00,,True,SYSTEM,2020-01-01 00:00:00,SYSTEM,2020-01-01 00:00:00
162,SUP-00162,162,ACTIVE,APPROVED,B,2021-11-27,,2/10NET30,2,TAX000000162,860000162,"ISO9001,ISO14001",2020-01-01 00:00:00,,True,SYSTEM,2020-01-01 00:00:00,SYSTEM,2020-01-01 00:00:00
163,SUP-00163,163,ACTIVE,STRATEGIC,C,2020-12-01,,NET45,2,TAX000000163,860000163,"ISO9001,ISO14001",2020-01-01 00:00:00,,True,SYSTEM,2020-01-01 00:00:00,SYSTEM,2020-01-01 00:00:00
164,SUP-00164,164,ACTIVE,STRATEGIC,B,2021-07-31,,NET45,5,TAX000000164,860000164,PENDING,2020-01-01 00:00:00,,True,SYSTEM,2020-01-01 00:00:00,SYSTEM,2020-01-01 00:00:00
165,SUP-00165,165,ACTIVE,PREFERRED,C,2020-12-18,,NET30,1,TAX000000165,860000165,PENDING,2020-01-01 00:00:00,,True,SYSTEM,2020-01-01 00:00:00,SYSTEM,2020-01-01 00:00:00
166,SUP-00166,166,ACTIVE,PREFERRED,A,2021-04-04,,2/10NET30,3,TAX000000166,860000166,PENDING,2020-01-01 00:00:00,,True,SYSTEM,2020-01-01 00:00:00,SYSTEM,2020-01-01 00:00:00
167,SUP-00167,167,ACTIVE,STANDARD,C,2022-02-13,,NET45,2,TAX000000167,860000167,ISO9001,2020-01-01 00:00:00,,True,SYSTEM,2020-01-01 00:00:00,SYSTEM,2020-01-01 00:00:00
168,SUP-00168,168,ACTIVE,PREFERRED,B,2020-07-12,,NET60,2,TAX000000168,860000168,"ISO9001,ISO13485",2020-01-01 00:00:00,,True,SYSTEM,2020-01-01 00:00:00,SYSTEM,2020-01-01 00:00:00
169,SUP-00169,169,ACTIVE,STRATEGIC,B,2021-02-15,,NET30,2,TAX000000169,860000169,ISO9001,2020-01-01 00:00:00,,True,SYSTEM,2020-01-01 00:00:00,SYSTEM,2020-01-01 00:00:00
170,SUP-00170,170,ACTIVE,PREFERRED,C,2020-11-05,,NET60,3,TAX000000170,860000170,"ISO9001,ISO14001",2020-01-01 00:00:00,,True,SYSTEM,2020-01-01 00:00:00,SYSTEM,2020-01-01 00:00:00
171,SUP-00171,171,ACTIVE,PREFERRED,C,2022-09-22,,2/10NET30,5,TAX000000171,860000171,ISO9001,2020-01-01 00:00:00,,True,SYSTEM,2020-01-01 00:00:00,SYSTEM,2020-01-01 00:00:00
172,SUP-00172,172,ACTIVE,APPROVED,B,2022-05-19,,NET45,5,TAX000000172,860000172,"ISO9001,ISO14001",2020-01-01 00:00:00,,True,SYSTEM,2020-01-01 00:00:00,SYSTEM,2020-01-01 00:00:00
173,SUP-00173,173,ACTIVE,PREFERRED,B,2020-12-04,,NET45,3,TAX000000173,860000173,"ISO9001,ISO14001",2020-01-01 00:00:00,,True,SYSTEM,2020-01-01 00:00:00,SYSTEM,2020-01-01 00:00:00
174,SUP-00174,174,ACTIVE,STRATEGIC,A,2020-08-01,,NET45,2,TAX000000174,860000174,PENDING,2020-01-01 00:00:00,,True,SYSTEM,2020-01-01 00:00:00,SYSTEM,2020-01-01 00:00:00
175,SUP-00175,175,ACTIVE,PREFERRED,C,2021-07-19,,NET45,5,TAX000000175,860000175,"ISO9001,ISO14001",2020-01-01 00:00:00,,True,SYSTEM,2020-01-01 00:00:00,SYSTEM,2020-01-01 00:00:00
176,SUP-00176,176,ACTIVE,STANDARD,B,2022-07-25,,NET30,5,TAX000000176,860000176,"ISO9001,ISO13485",2020-01-01 00:00:00,,True,SYSTEM,2020-01-01 00:00:00,SYSTEM,2020-01-01 00:00:00
177,SUP-00177,177,ACTIVE,PREFERRED,A,2020-06-05,,NET60,5,TAX000000177,860000177,"ISO9001,ISO13485",2020-01-01 00:00:00,,True,SYSTEM,2020-01-01 00:00:00,SYSTEM,2020-01-01 00:00:00
178,SUP-00178,178,ACTIVE,APPROVED,B,2020-06-21,,2/10NET30,5,TAX000000178,860000178,PENDING,2020-01-01 00:00:00,,True,SYSTEM,2020-01-01 00:00:00,SYSTEM,2020-01-01 00:00:00
179,SUP-00179,179,ACTIVE,STRATEGIC,C,2022-02-21,,NET30,1,TAX000000179,860000179,ISO9001,2020-01-01 00:00:00,,True,SYSTEM,2020-01-01 00:00:00,SYSTEM,2020-01-01 00:00:00
180,SUP-00180,180,ACTIVE,STANDARD,B,2020-01-17,,NET30,5,TAX000000180,860000180,PENDING,2020-01-01 00:00:00,,True,SYSTEM,2020-01-01 00:00:00,SYSTEM,2020-01-01 00:00:00
181,SUP-00181,181,ACTIVE,APPROVED,A,2022-07-29,,2/10NET30,2,TAX000000181,860000181,ISO9001,2020-01-01 00:00:00,,True,SYSTEM,2020-01-01 00:00:00,SYSTEM,2020-01-01 00:00:00
182,SUP-00182,182,ACTIVE,APPROVED,B,2021-04-15,,NET30,3,TAX000000182,860000182,PENDING,2020-01-01 00:00:00,,True,SYSTEM,2020-01-01 00:00:00,SYSTEM,2020-01-01 00:00:00
183,SUP-00183,183,ACTIVE,STANDARD,B,2021-12-20,,2/10NET30,1,TAX000000183,860000183,ISO9001,2020-01-01 00:00:00,,True,SYSTEM,2020-01-01 00:00:00,SYSTEM,2020-01-01 00:00:00
184,SUP-00184,184,ACTIVE,STRATEGIC,A,2020-02-17,,NET45,5,TAX000000184,860000184,"ISO9001,ISO13485",2020-01-01 00:00:00,,True,SYSTEM,2020-01-01 00:00:00,SYSTEM,2020-01-01 00:00:00
185,SUP-00185,185,ACTIVE,STRATEGIC,A,2020-11-02,,NET45,5,TAX000000185,860000185,ISO9001,2020-01-01 00:00:00,,True,SYSTEM,2020-01-01 00:00:00,SYSTEM,2020-01-01 00:00:00
186,SUP-00186,186,ACTIVE,STRATEGIC,C,2021-03-23,,NET60,1,TAX000000186,860000186,ISO9001,2020-01-01 00:00:00,,True,SYSTEM,2020-01-01 00:00:00,SYSTEM,2020-01-01 00:00:00
187,SUP-00187,187,ACTIVE,STANDARD,B,2021-03-18,,NET45,3,TAX000000187,860000187,PENDING,2020-01-01 00:00:00,,True,SYSTEM,2020-01-01 00:00:00,SYSTEM,2020-01-01 00:00:00
188,SUP-00188,188,ACTIVE,STRATEGIC,B,2022-01-27,,NET45,5,TAX000000188,860000188,"ISO9001,ISO14001",2020-01-01 00:00:00,,True,SYSTEM,2020-01-01 00:00:00,SYSTEM,2020-01-01 00:00:00
189,SUP-00189,189,ACTIVE,APPROVED,B,2020-07-10,,NET30,2,TAX000000189,860000189,ISO9001,2020-01-01 00:00:00,,True,SYSTEM,2020-01-01 00:00:00,SYSTEM,2020-01-01 00:00:00
190,SUP-00190,190,ACTIVE,APPROVED,C,2020-01-13,,NET30,3,TAX000000190,860000190,PENDING,2020-01-01 00:00:00,,True,SYSTEM,2020-01-01 00:00:00,SYSTEM,2020-01-01 00:00:00
191,SUP-00191,191,ACTIVE,STANDARD,A,2020-10-01,,NET45,3,TAX000000191,860000191,"ISO9001,ISO13485",2020-01-01 00:00:00,,True,SYSTEM,2020-01-01 00:00:00,SYSTEM,2020-01-01 00:00:00
192,SUP-00192,192,ACTIVE,STANDARD,A,2022-01-08,,NET60,3,TAX000000192,860000192,"ISO9001,ISO14001",2020-01-01 00:00:00,,True,SYSTEM,2020-01-01 00:00:00,SYSTEM,2020-01-01 00:00:00
193,SUP-00193,193,ACTIVE,STANDARD,B,2020-12-08,,2/10NET30,3,TAX000000193,860000193,PENDING,2020-01-01 00:00:00,,True,SYSTEM,2020-01-01 00:00:00,SYSTEM,2020-01-01 00:00:00
194,SUP-00194,194,ACTIVE,STANDARD,B,2020-10-25,,NET45,5,TAX000000194,860000194,"ISO9001,ISO13485",2020-01-01 00:00:00,,True,SYSTEM,2020-01-01 00:00:00,SYSTEM,2020-01-01 00:00:00
195,SUP-00195,195,ACTIVE,APPROVED,A,2022-09-02,,NET45,2,TAX000000195,860000195,ISO9001,2020-01-01 00:00:00,,True,SYSTEM,2020-01-01 00:00:00,SYSTEM,2020-01-01 00:00:00
196,SUP-00196,196,ACTIVE,STANDARD,A,2021-11-05,,NET60,2,TAX000000196,860000196,"ISO9001,ISO13485",2020-01-01 00:00:00,,True,SYSTEM,2020-01-01 00:00:00,SYSTEM,2020-01-01 00:00:00
197,SUP-00197,197,ACTIVE,STANDARD,C,2021-12-19,,2/10NET30,1,TAX000000197,860000197,"ISO9001,ISO13485",2020-01-01 00:00:00,,True,SYSTEM,2020-01-01 00:00:00,SYSTEM,2020-01-01 00:00:00
198,SUP-00198,198,ACTIVE,STRATEGIC,C,2020-04-18,,2/10NET30,3,TAX000000198,860000198,PENDING,2020-01-01 00:00:00,,True,SYSTEM,2020-01-01 00:00:00,SYSTEM,2020-01-01 00:00:00
199,SUP-00199,199,ACTIVE,STANDARD,C,2021-05-09,,NET45,3,TAX000000199,860000199,ISO9001,2020-01-01 00:00:00,,True,SYSTEM,2020-01-01 00:00:00,SYSTEM,2020-01-01 00:00:00
200,SUP-00200,200,ACTIVE,APPROVED,B,2021-05-02,,NET45,5,TAX000000200,860000200,"ISO9001,ISO13485",2020-01-01 00:00:00,,True,SYSTEM,2020-01-01 00:00:00,SYSTEM,2020-01-01 00:00:00
