SCORECARD_ID,SUPPLIER_ID,EVALUATION_DATE,QUALITY_SCORE,DELIVERY_SCORE,PRICE_SCORE,RESPONSIVENESS_SCORE,OVERALL_SCORE,LEAD_TIME_VARIANCE_DAYS,INVOICE_ACCURACY_PCT
1,1,2024-01-31,69.04,74.62,79.15,68.78,73.2,1.63,97.0
2,2,2024-01-31,77.39,75.16,57.68,73.83,71.26,1.9,98.46
3,3,2024-01-31,70.31,73.88,75.52,62.82,71.56,0.91,94.74
4,4,2024-01-31,72.24,67.98,53.64,82.11,67.79,2.72,95.58
5,5,2024-01-31,76.8,52.35,48.54,53.78,58.95,1.73,95.28
6,6,2024-01-31,84.89,91.52,81.19,79.12,85.09,0.02,96.81
7,7,2024-01-31,92.61,88.78,91.07,83.18,89.66,2.03,93.39
8,8,2024-01-31,100,65.65,92.79,100,87.89,1.51,96.63
9,9,2024-01-31,78.95,70.08,72.34,69.75,73.26,1.26,93.66
10,10,2024-01-31,82.73,100,91.21,84.91,90.36,0.94,95.7
11,11,2024-01-31,100,82.12,77.63,83.49,86.57,0.87,98.99
12,12,2024-01-31,77.53,60.07,51.46,69.1,64.51,2.81,93.98
13,13,2024-01-31,72.42,62.9,61.42,75.75,67.31,3.29,92.11
14,14,2024-01-31,75.98,55.51,30,71.85,57.72,2.56,97.01
15,15,2024-01-31,54.22,53.97,49.24,62.15,54.09,0.89,94.05
16,16,2024-01-31,100,100,100,100,100.0,1.08,96.15
17,17,2024-01-31,61.06,69.88,55.67,76.47,64.67,1.09,95.58
18,18,2024-01-31,53.0,69.63,76.69,75.0,67.21,0.96,97.89
19,19,2024-01-31,98.02,88.8,93.46,85.59,92.25,0.7,92.38
20,20,2024-01-31,73.7,87.71,72.64,79.77,78.55,4.12,89.7
21,21,2024-01-31,74.63,70.45,65.99,74.15,71.14,7.57,97.69
22,22,2024-01-31,100,92.84,100,100,97.85,0.58,98.61
23,23,2024-01-31,85.39,89.7,90.57,92.99,89.12,2.74,98.71
24,24,2024-01-31,81.74,60.59,59.67,49.05,64.97,2.45,98.35
25,25,2024-01-31,95.44,85.22,84.47,95.21,89.6,3.75,98.65
26,26,2024-01-31,83.98,59.88,86.14,87.27,77.78,0.27,93.23
27,27,2024-01-31,96.01,51.77,74.15,87.5,76.0,1.5,97.37
28,28,2024-01-31,96.69,90.94,81.3,79.7,88.57,3.72,92.18
29,29,2024-01-31,66.8,65.05,50.7,86.25,65.17,0.78,95.05
30,30,2024-01-31,34.97,30,30,41.91,33.28,2.04,98.78
31,31,2024-01-31,83.61,86.37,99.1,100,90.77,1.16,92.43
32,32,2024-01-31,65.87,74.95,75.91,62.53,70.6,2.12,94.35
33,33,2024-01-31,95.64,89.16,79.8,97.17,89.96,4.16,100
34,34,2024-01-31,71.3,55.6,48.01,69.15,60.45,0.21,99.03
35,35,2024-01-31,71.73,56.2,62.13,78.84,65.74,0.86,92.61
36,36,2024-01-31,85.76,79.46,73.17,87.47,80.98,2.43,96.67
37,37,2024-01-31,66.08,46.87,88.56,60.28,65.07,3.39,94.88
38,38,2024-01-31,84.56,65.98,68.72,77.17,73.92,4.8,98.13
39,39,2024-01-31,100,97.04,100,82.06,96.42,4.19,98.83
40,40,2024-01-31,80.9,76.9,58.87,69.63,72.5,1.99,97.25
41,41,2024-01-31,95.21,60.63,77.4,93.76,80.17,3.24,95.76
42,42,2024-01-31,71.03,84.68,67.15,50.45,71.07,1.95,93.95
43,43,2024-01-31,72.85,65.79,45.76,43.79,59.6,0.79,90.77
44,44,2024-01-31,97.07,67.98,86.5,68.9,81.47,0.81,100
45,45,2024-01-31,74.84,47.14,84.29,78.96,69.51,4.24,97.55
46,46,2024-01-31,96.43,80.5,73.93,95.64,85.9,0.26,97.91
47,47,2024-01-31,85.37,48.9,75.51,78.68,70.96,1.66,95.84
48,48,2024-01-31,57.02,56.21,57.63,63.89,57.96,4.87,96.2
49,49,2024-01-31,88.77,88.53,77.1,75.94,83.86,1.93,92.02
50,50,2024-01-31,90.18,87.16,64.99,86.29,82.39,1.89,94.17
51,51,2024-01-31,55.09,40.26,70.2,70.03,56.66,0.47,98.66
52,52,2024-01-31,49.2,36.62,45.88,47.09,44.28,5.83,93.1
53,53,2024-01-31,69.08,65.6,50.07,69.68,63.37,2.39,92.56
54,54,2024-01-31,86.5,88.2,80.46,77.19,84.1,0.06,95.76
55,55,2024-01-31,82.49,86.51,68.87,91.59,81.66,1.07,94.03
56,56,2024-01-31,70.18,56.59,67.08,64.87,64.53,0.73,94.7
57,57,2024-01-31,86.28,81.04,78.72,82.35,82.23,1.92,94.73
58,58,2024-01-31,58.11,46.05,66.17,56.9,56.32,0.84,99.19
59,59,2024-01-31,100,91.79,99.77,88.84,95.81,8.8,99.1
60,60,2024-01-31,96.67,94.79,78.47,82.08,89.37,0.59,99.98
61,61,2024-01-31,90.71,74.88,82.64,93.96,84.43,2.56,98.79
62,62,2024-01-31,67.72,72.71,67.53,80.66,71.11,5.39,92.06
63,63,2024-01-31,85.14,70.31,71.78,80.84,76.7,0.21,96.73
64,64,2024-01-31,82.34,72.61,67.59,83.7,75.94,3.5,99.93
65,65,2024-01-31,81.62,77.62,65.88,71.25,74.93,1.5,95.98
66,66,2024-01-31,100,93.38,98.83,100,97.72,2.55,92.54
67,67,2024-01-31,75.26,71.42,52.51,74.68,68.33,1.08,95.3
68,68,2024-01-31,95.25,88.08,71.08,82.31,85.12,9.19,94.52
69,69,2024-01-31,100,90.97,84.01,100,93.29,0.21,96.34
70,70,2024-01-31,97.09,92.07,82.89,93.11,91.43,6.59,98.14
71,71,2024-01-31,100,78.16,66.15,82.62,82.38,1.43,94.83
72,72,2024-01-31,72.01,68.99,77.38,60.84,70.77,0.38,96.29
73,73,2024-01-31,80.08,71.42,68.48,88.46,75.84,3.66,96.26
74,74,2024-01-31,73.37,68.3,61.73,65.14,67.7,6.14,96.05
75,75,2024-01-31,71.86,68.89,49.34,63.38,64.07,0.63,92.61
76,76,2024-01-31,88.09,75.16,78.15,87.31,81.61,4.97,98.94
77,77,2024-01-31,69.25,69.86,63.85,66.39,67.65,1.73,94.4
78,78,2024-01-31,65.82,79.53,91.09,68.27,76.62,2.72,95.9
79,79,2024-01-31,100,65.95,65.7,99.95,81.2,3.04,92.61
80,80,2024-01-31,86.18,64.63,71.23,80.03,75.05,6.13,97.31
81,81,2024-01-31,98.57,81.68,99.08,96.65,93.34,0.67,99.86
82,82,2024-01-31,100,100,89.05,100,97.26,0.47,96.97
83,83,2024-01-31,76.48,69.93,77.46,66.46,73.26,0.65,96.77
84,84,2024-01-31,54.1,56.58,54.3,42.54,53.16,0.16,95.9
85,85,2024-01-31,82.47,73.28,67.57,77.96,75.31,3.42,94.79
86,86,2024-01-31,85.5,79.35,66.98,71.98,77.0,0.18,90.5
87,87,2024-01-31,78.32,85.01,52.48,56.85,70.65,4.32,97.31
88,88,2024-01-31,100,100,100,100,100.0,4.91,96.22
89,89,2024-01-31,81.59,61.62,85.41,77.24,75.9,3.97,96.95
90,90,2024-01-31,60.16,78.78,62.21,66.04,67.14,0.86,93.84
91,91,2024-01-31,83.35,77.46,85.63,89.91,83.14,0.4,89.05
92,92,2024-01-31,47.72,62.72,37.1,51.57,50.14,1.32,92.41
93,93,2024-01-31,89.86,66.2,77.53,66.31,76.15,3.58,95.18
94,94,2024-01-31,97.31,95.89,90.47,98.35,95.33,0.64,95.42
95,95,2024-01-31,60.79,62.52,39.76,56.44,55.4,0.99,97.68
96,96,2024-01-31,77.28,59.08,68.48,75.37,69.33,3.32,95.21
97,97,2024-01-31,73.3,86.76,68.41,77.26,76.71,3.72,96.19
98,98,2024-01-31,59.64,80.18,64.06,57.99,66.66,1.72,96.92
99,99,2024-01-31,74.34,71.17,89.07,86.41,78.88,2.47,97.63
100,100,2024-01-31,100,89.65,87.61,71.85,89.58,3.93,96.7
101,101,2024-01-31,64.63,78.0,58.15,87.32,70.42,1.12,98.56
102,102,2024-01-31,81.08,82.09,59.95,78.45,75.71,3.37,96.23
103,103,2024-01-31,64.41,53.16,53.19,55.97,56.96,2.67,99.42
104,104,2024-01-31,65.66,71.14,67.75,57.92,66.67,1.38,96.57
105,105,2024-01-31,92.23,100,96.83,100,96.88,6.84,98.37
106,106,2024-01-31,86.11,76.41,74.0,86.67,80.26,3.19,97.1
107,107,2024-01-31,72.68,83.71,86.69,95.31,82.89,2.81,99.43
108,108,2024-01-31,100,100,94.22,100,98.56,8.23,99.19
109,109,2024-01-31,78.4,95.01,74.1,69.43,80.96,2.48,98.15
110,110,2024-01-31,69.83,45.93,61.12,59.85,58.99,0.97,93.52
111,111,2024-01-31,69.47,50.28,51.33,70.96,59.4,4.4,94.93
112,112,2024-01-31,70.31,71.51,87.25,89.11,77.72,0.58,90.23
113,113,2024-01-31,93.63,84.25,62.06,93.83,82.96,3.44,96.67
114,114,2024-01-31,100,100,94.98,99.15,98.62,2.57,96.16
115,115,2024-01-31,85.87,97.3,79.03,100,89.71,1.72,97.23
116,116,2024-01-31,81.43,59.09,71.24,85.1,72.73,1.13,87.93
117,117,2024-01-31,82.89,66.93,58.71,83.78,72.19,0.73,94.91
118,118,2024-01-31,58.36,49.43,58.59,61.77,56.25,0.64,98.36
119,119,2024-01-31,65.76,69.45,71.92,64.52,68.22,2.58,100
120,120,2024-01-31,77.16,72.7,58.23,42.0,65.82,0.67,98.94
121,121,2024-01-31,75.34,84.05,69.89,83.41,77.8,0.33,91.23
122,122,2024-01-31,64.06,63.75,39.35,58.03,56.88,3.82,97.95
123,123,2024-01-31,72.15,78.24,48.59,48.97,64.61,4.19,95.39
124,124,2024-01-31,100,100,100,100,100.0,4.22,97.75
125,125,2024-01-31,79.26,56.93,62.75,81.38,68.75,1.57,99.54
126,126,2024-01-31,100,60.36,100,67.25,83.19,1.97,98.4
127,127,2024-01-31,59.92,72.1,62.57,63.71,64.81,0.41,91.37
128,128,2024-01-31,79.25,70.75,65.47,82.95,73.81,3.91,97.26
129,129,2024-01-31,88.1,58.45,82.85,60.92,73.82,3.0,97.38
130,130,2024-01-31,67.71,86.19,92.87,88.32,82.64,0.3,95.09
131,131,2024-01-31,85.14,76.5,92.35,68.69,81.88,1.43,100
132,132,2024-01-31,48.74,60.22,42.96,50.72,51.04,0.12,96.82
133,133,2024-01-31,100,72.73,99.31,100,91.65,5.14,96.87
134,134,2024-01-31,91.04,69.83,70.7,89.86,79.41,2.91,89.18
135,135,2024-01-31,60.93,38.5,79.69,48.69,57.06,0.1,93.7
136,136,2024-01-31,75.38,87.25,66.75,97.28,80.07,0.18,93.43
137,137,2024-01-31,87.09,88.34,64.56,89.58,82.21,0.83,97.52
138,138,2024-01-31,78.99,69.86,70.86,85.0,75.12,1.14,96.38
139,139,2024-01-31,64.2,73.78,68.49,58.54,67.3,0.36,98.37
140,140,2024-01-31,68.92,68.68,74.99,64.54,69.71,1.16,94.23
141,141,2024-01-31,74.1,68.56,91.45,80.01,77.66,2.0,98.75
142,142,2024-01-31,100,96.62,97.03,98.02,97.95,2.36,100
143,143,2024-01-31,77.94,70.25,74.68,61.28,72.32,1.48,100
144,144,2024-01-31,72.61,54.75,65.59,82.71,67.01,2.04,98.04
145,145,2024-01-31,89.63,78.57,75.34,89.47,82.71,1.06,94.3
146,146,2024-01-31,75.47,75.73,100,74.25,81.5,1.3,93.11
147,147,2024-01-31,66.58,71.72,62.0,70.37,67.54,2.02,98.82
148,148,2024-01-31,100,99.31,100,93.73,98.85,2.45,98.82
149,149,2024-01-31,66.46,60.82,40.91,59.86,57.39,0.81,95.59
150,150,2024-01-31,52.82,40.37,48.91,39.26,46.08,0.26,93.01
151,151,2024-01-31,85.41,90.27,87.86,91.98,88.46,0.72,90.16
152,152,2024-01-31,74.93,71.49,65.9,51.81,68.17,1.44,93.16
153,153,2024-01-31,93.2,71.91,60.61,71.35,75.39,4.17,97.9
154,154,2024-01-31,96.65,98.91,92.17,100,96.71,2.38,95.11
155,155,2024-01-31,63.04,55.55,52.2,46.96,55.67,0.77,91.09
156,156,2024-01-31,86.97,83.15,71.62,78.1,80.66,5.61,93.46
157,157,2024-01-31,45.91,50.12,49.34,63.19,50.62,1.18,96.83
158,158,2024-01-31,82.89,76.17,67.35,87.9,77.74,1.97,95.23
159,159,2024-01-31,60.82,50.79,63.23,63.35,58.79,2.44,91.97
160,160,2024-01-31,98.64,100,79.09,100,94.36,1.23,92.04
161,161,2024-01-31,91.35,79.92,75.56,84.33,82.92,1.82,100
162,162,2024-01-31,79.05,78.12,64.27,60.86,72.35,0.65,94.86
163,163,2024-01-31,75.72,77.16,55.25,77.55,71.31,0.27,94.46
164,164,2024-01-31,77.79,80.34,80.37,84.8,80.25,1.72,91.93
165,165,2024-01-31,67.96,69.71,76.01,49.94,67.8,5.71,98.62
166,166,2024-01-31,97.61,100,79.93,100,94.27,2.08,99.02
167,167,2024-01-31,72.7,76.19,53.49,66.04,67.95,2.58,93.77
168,168,2024-01-31,39.29,42.23,35.93,61.01,42.59,1.39,92.77
169,169,2024-01-31,69.76,37.47,65.79,63.15,58.09,1.73,97.23
170,170,2024-01-31,72.19,79.09,84.77,80.12,78.59,4.19,97.93
171,171,2024-01-31,51.66,53.13,32.56,53.18,47.55,2.23,92.45
172,172,2024-01-31,86.32,92.36,89.41,90.16,89.48,1.53,94.73
173,173,2024-01-31,82.93,70.26,48.69,68.15,68.35,0.71,96.06
174,174,2024-01-31,71.47,51.07,64.05,62.27,62.12,1.63,95.47
175,175,2024-01-31,63.83,77.39,70.89,75.41,71.4,2.11,98.22
176,176,2024-01-31,100,84.02,85.2,100,91.51,1.13,98.31
177,177,2024-01-31,86.45,80.03,66.82,88.42,79.91,4.19,99.13
178,178,2024-01-31,100,89.34,100,97.93,96.49,0.64,94.26
179,179,2024-01-31,97.22,88.9,78.33,79.78,87.39,0.56,97.77
180,180,2024-01-31,73.25,46.99,73.53,68.2,64.69,2.77,96.13
181,181,2024-01-31,77.0,76.38,98.37,94.22,84.74,0.97,92.41
182,182,2024-01-31,70.78,49.95,70.71,45.13,60.67,2.35,95.91
183,183,2024-01-31,100,100,98.22,90.72,98.16,4.83,95.49
184,184,2024-01-31,65.94,51.49,61.64,65.77,60.5,6.48,93.97
185,185,2024-01-31,74.3,79.51,53.95,78.21,71.36,1.41,94.59
186,186,2024-01-31,98.23,91.45,75.77,80.86,87.98,0.83,97.71
187,187,2024-01-31,100,89.02,93.72,87.72,93.29,0.69,94.43
188,188,2024-01-31,100,100,100,100,100.0,1.62,94.74
189,189,2024-01-31,99.43,65.66,65.49,80.73,78.01,5.94,100
190,190,2024-01-31,49.85,53.72,58.27,51.84,53.41,1.53,97.47
191,191,2024-01-31,100,99.14,100,100,99.74,3.31,98.64
192,192,2024-01-31,73.32,56.17,51.76,59.18,60.67,4.65,93.91
193,193,2024-01-31,60.85,54.35,72.56,82.52,65.08,3.9,96.2
194,194,2024-01-31,58.93,64.95,38.38,64.43,56.42,0.92,98.8
195,195,2024-01-31,86.18,94.0,75.2,91.84,86.63,0.01,95.76
196,196,2024-01-31,51.38,52.35,41.06,60.07,50.39,2.63,96.36
197,197,2024-01-31,90.95,92.78,79.33,83.57,87.49,4.06,94.72
198,198,2024-01-31,72.73,56.04,61.77,60.02,63.08,1.48,97.07
199,199,2024-01-31,48.06,47.77,30,44.96,42.99,3.72,97.09
200,200,2024-01-31,65.36,49.43,65.08,68.17,60.93,1.17,91.21
201,1,2024-04-30,78.61,59.53,57.7,71.24,66.55,3.44,94.44
202,2,2024-04-30,65.91,57.83,63.0,57.74,61.53,3.21,96.04
203,3,2024-04-30,85.88,91.51,90.2,91.98,89.56,4.68,92.91
204,4,2024-04-30,94.18,72.44,75.02,67.26,78.83,0.46,90.31
205,5,2024-04-30,61.73,79.3,93.85,72.48,76.64,0.75,95.41
206,6,2024-04-30,94.97,82.77,77.61,93.71,86.78,0.45,96.59
207,7,2024-04-30,68.66,50.73,74.25,68.14,64.6,5.68,98.61
208,8,2024-04-30,100,100,100,100,100.0,2.52,97.6
209,9,2024-04-30,100,100,81.27,100,95.32,3.16,100
210,10,2024-04-30,68.6,58.4,70.49,79.07,67.58,1.41,96.48
211,11,2024-04-30,99.27,100,64.83,96.89,90.52,1.82,99.57
212,12,2024-04-30,92.19,99.43,100,90.22,96.02,4.16,98.7
213,13,2024-04-30,49.36,42.12,30,44.61,41.64,0.27,97.14
214,14,2024-04-30,95.01,94.09,63.74,82.73,85.08,2.54,92.37
215,15,2024-04-30,95.31,80.56,67.02,91.45,83.23,0.62,97.18
216,16,2024-04-30,93.08,100,98.11,91.41,96.16,1.91,89.8
217,17,2024-04-30,84.09,58.0,53.32,69.22,66.34,3.68,92.24
218,18,2024-04-30,100,95.9,100,100,98.77,0.22,97.46
219,19,2024-04-30,96.95,81.68,73.41,78.55,83.73,0.52,90.27
220,20,2024-04-30,100,100,100,100,100.0,2.6,91.96
221,21,2024-04-30,86.8,68.88,65.17,82.97,75.44,3.74,95.67
222,22,2024-04-30,97.87,100,85.74,99.8,95.77,8.01,91.55
223,23,2024-04-30,60.57,58.74,86.99,71.89,68.32,1.54,100
224,24,2024-04-30,77.69,63.74,49.97,78.86,66.75,0.15,91.85
225,25,2024-04-30,93.79,96.5,69.69,100,89.51,0.18,99.39
226,26,2024-04-30,98.3,78.4,100,91.86,91.79,0.17,97.8
227,27,2024-04-30,71.79,72.73,49.58,93.1,69.72,1.08,95.96
228,28,2024-04-30,72.8,84.23,69.66,93.63,78.57,2.2,96.92
229,29,2024-04-30,94.03,90.96,100,91.73,94.26,1.35,94.04
230,30,2024-04-30,64.01,74.04,78.71,65.34,70.9,2.63,100
231,31,2024-04-30,97.72,97.03,100,100,98.42,4.29,92.08
232,32,2024-04-30,82.3,76.61,91.51,91.98,84.35,5.22,97.82
233,33,2024-04-30,98.03,83.05,71.21,84.86,84.85,0.35,97.04
234,34,2024-04-30,100,88.95,92.81,78.87,91.72,0.51,99.28
235,35,2024-04-30,61.1,67.52,36.13,65.61,57.46,3.49,92.62
236,36,2024-04-30,98.71,85.66,83.32,93.43,90.16,1.59,97.09
237,37,2024-04-30,67.95,73.63,82.98,82.65,75.62,2.85,90.14
238,38,2024-04-30,86.87,96.07,77.09,91.71,87.91,2.09,94.12
239,39,2024-04-30,98.38,80.51,83.72,77.97,86.29,1.42,95.3
240,40,2024-04-30,83.49,84.72,55.12,70.68,74.85,3.01,90.15
241,41,2024-04-30,74.79,80.74,100,59.27,80.55,1.15,96.72
242,42,2024-04-30,74.62,92.76,61.09,74.75,76.7,5.14,98.95
243,43,2024-04-30,47.04,55.72,34.0,67.16,49.4,1.61,95.36
244,44,2024-04-30,56.94,64.28,57.46,86.54,63.71,3.01,94.03
245,45,2024-04-30,58.05,37.95,68.42,60.64,55.0,4.09,97.08
246,46,2024-04-30,70.92,51.27,73.25,74.81,66.19,4.61,94.9
247,47,2024-04-30,59.76,55.2,50.4,58.77,55.9,4.85,100
248,48,2024-04-30,49.13,32.7,30,36.67,37.55,1.62,94.54
249,49,2024-04-30,86.73,82.54,75.75,82.76,82.13,3.48,91.27
250,50,2024-04-30,90.21,80.37,70.52,94.57,82.99,2.5,89.79
251,51,2024-04-30,76.72,64.54,76.43,82.68,73.89,1.75,100
252,52,2024-04-30,100,100,95.67,100,98.92,2.54,98.21
253,53,2024-04-30,100,100,97.92,93.19,98.46,2.13,94.27
254,54,2024-04-30,62.79,61.16,55.05,79.6,62.89,2.53,96.07
255,55,2024-04-30,92.96,94.41,84.88,93.32,91.43,3.85,93.67
256,56,2024-04-30,75.0,71.44,95.73,83.36,80.37,1.04,98.15
257,57,2024-04-30,55.0,39.88,70.67,58.32,54.88,3.87,100
258,58,2024-04-30,61.48,35.43,30,39.79,42.54,0.04,95.78
259,59,2024-04-30,81.58,81.2,77.13,84.43,80.78,5.05,100
260,60,2024-04-30,77.09,68.28,53.65,47.04,64.08,1.26,95.16
261,61,2024-04-30,74.76,73.18,70.71,69.18,72.44,2.93,95.21
262,62,2024-04-30,81.84,91.81,80.29,82.9,84.6,1.51,96.3
263,63,2024-04-30,75.6,62.81,75.22,68.71,70.63,3.33,95.18
264,64,2024-04-30,100,100,100,100,100.0,0.63,95.43
265,65,2024-04-30,100,100,100,91.4,98.71,2.87,91.24
266,66,2024-04-30,100,100,72.08,100,93.02,1.3,98.78
267,67,2024-04-30,59.21,51.97,54.24,61.16,56.09,1.64,92.85
268,68,2024-04-30,80.2,95.65,83.68,79.65,85.62,1.09,94.01
269,69,2024-04-30,68.59,70.73,62.25,72.55,68.24,5.38,91.11
270,70,2024-04-30,66.86,74.55,54.62,64.76,65.8,4.62,89.84
271,71,2024-04-30,100,100,100,100,100.0,0.99,95.38
272,72,2024-04-30,66.48,58.33,54.45,68.07,61.27,2.26,98.43
273,73,2024-04-30,63.4,66.96,58.65,65.6,63.61,1.03,98.2
274,74,2024-04-30,62.98,52.79,35.53,65.73,53.47,3.11,98.37
275,75,2024-04-30,85.5,73.98,65.72,89.87,77.76,1.36,98.94
276,76,2024-04-30,72.65,65.93,60.94,56.33,65.26,0.82,95.62
277,77,2024-04-30,54.57,56.51,46.44,60.48,54.0,7.35,96.04
278,78,2024-04-30,70.38,77.18,62.21,87.47,72.94,0.6,96.18
279,79,2024-04-30,55.08,62.53,60.87,59.99,59.5,2.58,100
280,80,2024-04-30,90.15,80.87,93.74,93.61,88.78,1.47,95.93
281,81,2024-04-30,82.2,56.08,52.37,51.09,62.24,2.77,96.8
282,82,2024-04-30,100,100,100,96.12,99.42,2.21,97.92
283,83,2024-04-30,93.68,72.1,78.52,83.48,81.88,2.8,95.95
284,84,2024-04-30,80.87,97.2,85.48,97.29,89.38,1.68,98.6
285,85,2024-04-30,70.16,61.02,54.33,62.69,62.34,0.87,93.61
286,86,2024-04-30,69.04,65.97,59.41,90.68,68.96,0.84,92.43
287,87,2024-04-30,80.64,72.85,79.07,70.22,76.35,1.24,94.99
288,88,2024-04-30,74.89,63.2,66.11,71.62,68.7,4.86,94.31
289,89,2024-04-30,81.74,78.28,90.19,70.58,81.14,0.75,90.59
290,90,2024-04-30,79.97,66.82,82.55,59.21,73.56,2.21,95.45
291,91,2024-04-30,81.79,65.66,58.27,42.43,65.17,6.44,97.12
292,92,2024-04-30,69.53,52.15,48.93,72.13,59.56,0.24,98.88
293,93,2024-04-30,78.17,75.24,59.22,84.92,73.57,2.38,94.91
294,94,2024-04-30,90.2,99.86,80.47,89.69,90.59,0.71,100
295,95,2024-04-30,81.84,79.33,69.04,80.59,77.7,7.02,96.18
296,96,2024-04-30,98.58,78.02,52.94,64.9,75.95,1.53,97.89
297,97,2024-04-30,60.7,68.06,58.43,54.34,61.39,2.2,100
298,98,2024-04-30,62.1,83.95,64.53,82.85,72.38,1.5,91.21
299,99,2024-04-30,54.45,59.12,42.48,61.56,53.93,0.13,96.43
300,100,2024-04-30,82.89,72.84,80.58,81.89,79.15,3.24,95.85
301,101,2024-04-30,74.57,78.44,67.56,66.98,72.84,2.83,100
302,102,2024-04-30,77.56,79.69,78.61,79.09,78.69,2.41,94.0
303,103,2024-04-30,99.88,100,100,95.27,99.25,2.46,95.4
304,104,2024-04-30,70.86,62.59,86.58,62.88,71.11,6.46,94.11
305,105,2024-04-30,34.28,32.9,30,34.62,32.85,4.99,95.98
306,106,2024-04-30,67.63,76.85,72.01,74.33,72.5,2.33,100
307,107,2024-04-30,100,88.69,93.03,100,94.86,0.1,96.95
308,108,2024-04-30,75.48,79.79,81.41,75.18,78.21,0.88,95.61
309,109,2024-04-30,95.5,100,81.6,99.59,93.99,2.38,96.62
310,110,2024-04-30,100,100,68.31,81.74,89.34,1.78,95.11
311,111,2024-04-30,82.76,92.21,91.22,89.92,88.79,5.06,96.68
312,112,2024-04-30,100,100,100,100,100.0,0.9,100
313,113,2024-04-30,65.15,67.84,56.36,56.49,62.46,1.59,87.33
314,114,2024-04-30,83.95,90.21,70.03,84.68,82.46,3.75,100
315,115,2024-04-30,77.9,67.26,61.45,65.8,68.78,0.9,96.33
316,116,2024-04-30,45.57,56.93,30,30,42.75,0.49,92.67
317,117,2024-04-30,100,100,100,100,100.0,5.5,90.6
318,118,2024-04-30,80.25,59.3,64.89,80.33,70.13,2.93,100
319,119,2024-04-30,94.33,91.12,89.71,91.92,91.85,0.44,97.42
320,120,2024-04-30,73.08,87.54,62.31,79.05,75.62,3.86,94.96
321,121,2024-04-30,58.15,68.64,50.26,52.66,58.5,3.72,92.71
322,122,2024-04-30,69.43,53.42,59.58,69.66,62.2,4.13,100
323,123,2024-04-30,86.19,77.79,74.98,100,82.94,0.84,100
324,124,2024-04-30,76.86,72.08,65.86,77.04,72.7,1.49,99.31
325,125,2024-04-30,82.81,83.18,86.83,96.53,85.98,0.38,97.55
326,126,2024-04-30,96.66,75.69,100,92.28,90.55,0.35,98.6
327,127,2024-04-30,78.06,63.73,60.9,77.36,69.36,1.33,98.82
328,128,2024-04-30,81.61,88.85,89.11,70.63,84.01,2.34,100
329,129,2024-04-30,85.62,64.01,70.68,75.68,73.91,2.02,98.78
330,130,2024-04-30,92.36,85.55,77.41,75.45,84.04,2.31,99.8
331,131,2024-04-30,96.6,74.01,80.73,91.53,85.1,4.37,94.9
332,132,2024-04-30,85.37,75.13,82.92,78.56,80.66,1.21,100
333,133,2024-04-30,69.42,80.02,49.99,58.29,66.08,2.89,94.88
334,134,2024-04-30,67.44,90.79,68.32,90.59,78.14,0.33,94.3
335,135,2024-04-30,78.27,69.31,70.31,84.46,74.52,0.9,93.1
336,136,2024-04-30,66.22,75.89,76.81,69.84,72.31,2.89,95.6
337,137,2024-04-30,64.81,76.68,50.79,79.66,67.09,4.13,100
338,138,2024-04-30,88.51,59.02,52.16,78.33,69.05,1.52,96.4
339,139,2024-04-30,84.05,78.84,91.26,71.93,82.47,4.04,93.76
340,140,2024-04-30,98.5,100,91.32,100,97.38,1.6,100
341,141,2024-04-30,67.54,64.34,41.28,81.42,62.1,2.01,100
342,142,2024-04-30,39.38,41.39,30,40.11,37.75,0.1,97.27
343,143,2024-04-30,66.95,81.24,78.53,94.04,78.19,0.14,94.22
344,144,2024-04-30,80.94,69.7,49.58,76.54,69.07,0.16,96.91
345,145,2024-04-30,82.68,77.55,77.65,89.73,80.94,3.54,93.92
346,146,2024-04-30,77.74,67.85,62.91,68.73,69.71,1.03,97.36
347,147,2024-04-30,100,100,84.67,100,96.17,4.9,97.58
348,148,2024-04-30,70.21,69.05,78.02,82.88,73.71,0.99,96.98
349,149,2024-04-30,79.32,81.79,86.94,85.54,82.9,0.58,92.99
350,150,2024-04-30,88.72,98.56,92.92,100,94.41,3.42,94.22
351,151,2024-04-30,65.84,61.89,39.81,63.54,57.8,0.67,97.74
352,152,2024-04-30,100,86.55,90.15,100,93.5,3.79,96.24
353,153,2024-04-30,84.76,85.63,80.89,92.42,85.2,6.0,92.36
354,154,2024-04-30,69.29,72.12,52.85,63.24,65.12,5.97,92.35
355,155,2024-04-30,100,98.19,89.52,100,96.83,1.82,92.19
356,156,2024-04-30,89.33,75.74,67.34,69.65,76.8,3.42,92.26
357,157,2024-04-30,53.08,55.35,59.14,65.07,57.07,1.82,98.54
358,158,2024-04-30,80.78,62.43,59.75,56.77,66.42,3.41,93.32
359,159,2024-04-30,73.64,75.66,36.95,83.18,66.5,2.21,96.4
360,160,2024-04-30,86.33,81.11,57.1,87.87,77.69,1.2,99.73
361,161,2024-04-30,99.75,77.66,83.12,100,89.0,1.52,98.63
362,162,2024-04-30,100,100,89.71,100,97.43,2.85,90.62
363,163,2024-04-30,66.81,71.47,60.79,72.85,67.61,1.48,98.27
364,164,2024-04-30,100,85.29,77.31,97.31,89.51,1.04,95.97
365,165,2024-04-30,91.43,74.24,71.67,100,82.62,1.76,97.64
366,166,2024-04-30,64.25,69.61,52.15,68.28,63.44,4.27,96.53
367,167,2024-04-30,84.83,76.31,64.89,82.24,76.9,0.54,100
368,168,2024-04-30,83.95,86.5,80.13,80.89,83.3,1.87,99.8
369,169,2024-04-30,69.65,60.3,51.75,79.59,63.86,1.99,93.26
370,170,2024-04-30,70.82,69.62,33.84,61.96,59.89,1.86,94.78
371,171,2024-04-30,74.14,79.71,83.56,77.04,78.6,0.58,95.03
372,172,2024-04-30,82.18,66.18,90.11,65.11,76.8,1.41,90.34
373,173,2024-04-30,62.11,78.28,66.68,38.16,64.51,1.9,89.38
374,174,2024-04-30,48.6,32.52,30,36.71,37.34,1.34,97.22
375,175,2024-04-30,71.01,68.78,83.74,60.86,72.0,0.32,95.17
376,176,2024-04-30,64.67,47.59,53.0,68.68,57.23,2.95,94.43
377,177,2024-04-30,98.17,92.52,84.6,77.0,89.91,1.38,90.79
378,178,2024-04-30,64.57,65.38,38.67,57.43,57.27,3.95,97.25
379,179,2024-04-30,68.64,63.34,70.41,68.79,67.52,2.52,97.35
380,180,2024-04-30,71.14,69.04,64.38,45.02,64.9,2.51,96.55
381,181,2024-04-30,81.46,59.22,88.41,71.27,75.0,1.96,90.84
382,182,2024-04-30,100,100,97.87,84.97,97.21,0.09,100
383,183,2024-04-30,81.78,72.35,75.85,73.68,76.25,1.05,93.57
384,184,2024-04-30,100,93.97,81.0,100,93.44,3.27,95.6
385,185,2024-04-30,100,92.04,74.01,87.81,89.29,2.34,92.45
386,186,2024-04-30,100,100,73.87,93.93,92.56,2.47,96.21
387,187,2024-04-30,92.87,90.46,81.73,78.19,87.16,1.42,94.18
388,188,2024-04-30,96.99,73.69,90.11,87.92,86.92,1.63,94.37
389,189,2024-04-30,93.25,96.99,93.85,72.0,91.33,4.36,95.95
390,190,2024-04-30,91.17,100,75.9,77.25,87.91,1.29,91.94
391,191,2024-04-30,81.7,50.48,60.97,61.53,64.12,5.13,97.68
392,192,2024-04-30,58.37,60.19,65.04,68.66,62.13,4.66,96.74
393,193,2024-04-30,83.63,97.22,57.6,88.15,81.88,4.06,95.34
394,194,2024-04-30,100,75.78,97.78,86.93,90.22,0.73,96.31
395,195,2024-04-30,67.07,77.94,75.36,77.46,73.96,2.76,98.86
396,196,2024-04-30,100,86.86,70.66,80.55,85.81,5.23,96.79
397,197,2024-04-30,91.76,98.27,77.17,83.36,88.8,0.36,94.6
398,198,2024-04-30,92.6,77.95,100,95.88,90.55,0.8,90.98
399,199,2024-04-30,72.38,41.37,42.46,75.87,56.12,0.33,98.19
400,200,2024-04-30,81.98,69.92,53.82,78.36,70.78,3.66,98.17
401,1,2024-07-29,100,100,100,100,100.0,2.45,89.35
402,2,2024-07-29,74.73,73.84,82.07,70.81,75.71,2.03,89.67
403,3,2024-07-29,59.3,43.95,37.66,62.24,49.72,2.11,94.67
404,4,2024-07-29,54.85,46.32,30,37.29,43.44,2.35,93.49
405,5,2024-07-29,45.93,45.72,34.0,36.56,41.48,6.21,98.81
406,6,2024-07-29,90.07,75.89,59.84,85.7,77.6,4.24,95.47
407,7,2024-07-29,79.22,65.82,68.72,73.99,71.79,3.23,98.33
408,8,2024-07-29,100,92.98,100,100,97.89,4.64,96.92
409,9,2024-07-29,70.6,80.04,48.33,79.13,69.14,3.39,98.94
410,10,2024-07-29,100,100,98.25,97.95,99.26,2.27,95.16
411,11,2024-07-29,52.21,32.18,40.74,47.46,42.62,0.49,97.86
412,12,2024-07-29,92.26,89.4,99.37,92.02,93.15,0.52,94.68
413,13,2024-07-29,100,100,91.22,100,97.81,2.21,96.79
414,14,2024-07-29,85.54,68.27,69.29,67.04,73.52,2.03,100
415,15,2024-07-29,69.5,77.36,56.45,84.55,70.85,2.78,93.83
416,16,2024-07-29,54.73,59.87,50.02,55.6,55.23,3.46,98.26
417,17,2024-07-29,65.24,71.49,85.05,72.26,73.12,0.4,97.7
418,18,2024-07-29,81.78,69.36,64.02,83.93,73.94,1.06,91.77
419,19,2024-07-29,91.43,83.8,81.88,83.32,85.54,1.09,98.54
420,20,2024-07-29,88.51,67.22,76.05,67.65,75.88,1.56,99.99
421,21,2024-07-29,100,73.79,93.66,84.63,88.25,2.58,95.66
422,22,2024-07-29,100,93.4,71.19,85.59,88.66,2.37,90.49
423,23,2024-07-29,69.1,40.15,35.95,65.03,51.52,0.06,94.69
424,24,2024-07-29,90.91,91.66,81.68,96.33,89.64,1.14,94.4
425,25,2024-07-29,77.52,70.0,72.01,64.59,71.95,3.51,96.26
426,26,2024-07-29,69.89,60.05,35.37,39.53,53.75,1.82,100
427,27,2024-07-29,81.46,78.34,73.03,70.67,76.8,2.8,94.44
428,28,2024-07-29,97.52,82.77,69.69,80.58,83.6,0.84,97.62
429,29,2024-07-29,76.53,82.49,79.39,76.16,78.98,0.9,100
430,30,2024-07-29,83.68,64.07,51.71,56.38,65.71,1.26,96.26
431,31,2024-07-29,74.56,81.44,58.28,64.46,71.04,2.54,92.79
432,32,2024-07-29,66.78,66.66,66.85,63.52,66.27,0.36,93.37
433,33,2024-07-29,87.47,72.91,73.15,70.12,76.92,0.17,93.28
434,34,2024-07-29,82.87,69.05,60.58,65.71,70.58,5.37,94.13
435,35,2024-07-29,79.88,62.9,62.79,76.57,70.02,3.83,96.68
436,36,2024-07-29,73.88,81.58,79.64,85.1,79.32,4.99,95.73
437,37,2024-07-29,84.32,93.46,78.71,73.48,84.03,3.26,95.33
438,38,2024-07-29,70.34,72.21,72.4,62.31,70.21,0.46,91.14
439,39,2024-07-29,79.91,80.79,76.79,83.91,79.99,3.65,91.39
440,40,2024-07-29,64.95,58.02,42.09,60.63,56.51,0.05,100
441,41,2024-07-29,97.79,88.44,97.75,96.29,94.75,1.08,97.19
442,42,2024-07-29,82.11,83.3,61.16,77.31,76.51,0.46,99.07
443,43,2024-07-29,73.19,71.19,70.14,77.74,72.51,0.55,99.61
444,44,2024-07-29,40.04,30,30,33.21,33.49,1.17,98.41
445,45,2024-07-29,93.66,100,88.64,88.63,93.55,2.63,97.86
446,46,2024-07-29,71.18,78.44,81.68,80.3,77.35,1.64,99.87
447,47,2024-07-29,85.39,70.24,82.3,96.63,81.76,0.72,94.6
448,48,2024-07-29,75.36,80.29,63.35,75.31,73.83,5.33,100
449,49,2024-07-29,66.37,82.21,76.8,56.87,72.3,3.35,100
450,50,2024-07-29,86.89,60.91,55.28,68.84,68.49,3.57,91.95
451,51,2024-07-29,100,91.65,98.58,86.81,95.16,3.99,93.75
452,52,2024-07-29,82.55,73.26,85.99,71.98,79.04,1.76,95.92
453,53,2024-07-29,76.59,45.39,40.53,61.44,55.94,1.82,100
454,54,2024-07-29,45.86,35.82,39.96,49.28,41.89,0.15,100
455,55,2024-07-29,100,93.2,91.47,99.72,95.79,2.29,93.38
456,56,2024-07-29,80.27,81.3,79.9,83.54,80.98,0.75,94.62
457,57,2024-07-29,87.87,79.97,74.03,81.56,81.09,0.62,91.88
458,58,2024-07-29,77.86,69.24,65.29,84.94,73.19,0.19,96.69
459,59,2024-07-29,49.38,50.86,44.77,43.66,47.82,4.93,93.61
460,60,2024-07-29,100,90.19,100,100,97.06,2.48,93.32
461,61,2024-07-29,82.78,78.03,79.97,91.21,81.92,1.31,95.01
462,62,2024-07-29,72.62,47.61,44.47,67.44,57.3,7.25,93.1
463,63,2024-07-29,78.53,75.59,78.89,84.76,78.67,2.39,97.62
464,64,2024-07-29,98.19,96.46,75.14,61.07,86.34,1.23,89.94
465,65,2024-07-29,91.16,75.23,73.41,76.62,79.76,2.86,98.61
466,66,2024-07-29,81.27,76.52,45.82,77.45,70.41,3.01,100
467,67,2024-07-29,45.85,45.08,36.76,56.06,44.88,2.62,96.89
468,68,2024-07-29,94.37,80.46,84.64,93.46,87.63,2.14,98.33
469,69,2024-07-29,80.51,94.15,80.79,92.58,86.48,2.73,95.87
470,70,2024-07-29,88.5,95.9,73.45,92.57,87.57,3.86,93.44
471,71,2024-07-29,81.32,76.59,68.24,84.69,77.14,5.38,98.25
472,72,2024-07-29,63.12,74.63,74.85,82.62,72.43,4.06,96.39
473,73,2024-07-29,75.11,88.51,90.41,75.6,83.03,0.14,92.29
474,74,2024-07-29,51.22,63.56,62.71,44.03,56.71,0.67,98.14
475,75,2024-07-29,90.84,81.48,71.57,67.64,79.73,1.97,96.78
476,76,2024-07-29,90.45,89.61,91.35,94.39,91.01,5.11,100
477,77,2024-07-29,86.9,88.57,76.58,81.7,84.04,1.9,100
478,78,2024-07-29,82.14,78.11,60.2,59.4,72.03,0.73,98.58
479,79,2024-07-29,31.81,30,30,49.52,33.47,1.22,97.5
480,80,2024-07-29,81.06,87.09,70.6,84.01,80.7,7.42,93.28
481,81,2024-07-29,92.57,99.81,74.58,79.06,88.22,0.12,92.93
482,82,2024-07-29,58.05,54.82,54.16,53.65,55.45,1.36,96.8
483,83,2024-07-29,87.06,57.2,64.06,49.42,66.71,1.42,93.13
484,84,2024-07-29,72.38,67.36,73.28,76.52,71.72,5.76,95.91
485,85,2024-07-29,82.06,70.26,62.39,72.54,72.17,2.7,94.97
486,86,2024-07-29,90.95,87.8,90.31,87.33,89.3,0.67,94.08
487,87,2024-07-29,78.51,72.41,71.43,98.56,77.92,0.75,97.7
488,88,2024-07-29,75.98,64.16,91.97,53.81,73.11,0.02,92.4
489,89,2024-07-29,100,100,100,100,100.0,3.37,98.19
490,90,2024-07-29,88.78,85.69,84.31,80.29,85.46,0.52,96.39
491,91,2024-07-29,95.29,68.23,73.14,70.15,77.86,4.7,96.64
492,92,2024-07-29,65.97,63.84,59.36,91.59,67.52,4.76,97.28
493,93,2024-07-29,55.57,51.94,43.12,68.74,53.35,0.33,88.73
494,94,2024-07-29,85.87,100,82.56,97.43,91.01,2.9,92.93
495,95,2024-07-29,77.43,73.85,70.45,80.29,75.04,0.53,100
496,96,2024-07-29,71.0,30.75,55.33,44.01,50.96,5.09,98.71
497,97,2024-07-29,85.37,79.37,66.42,100,81.02,1.78,95.32
498,98,2024-07-29,62.24,58.3,42.89,53.5,54.91,3.37,98.61
499,99,2024-07-29,64.15,57.31,64.61,76.36,64.05,3.16,88.59
500,100,2024-07-29,88.01,80.23,78.97,68.36,80.47,1.78,95.03
501,101,2024-07-29,75.29,87.05,100,74.74,84.91,2.43,93.86
502,102,2024-07-29,81.42,66.3,56.09,67.45,68.46,2.3,97.86
503,103,2024-07-29,63.08,49.45,56.64,46.43,54.88,3.64,98.93
504,104,2024-07-29,78.46,60.96,81.49,84.84,74.92,0.88,98.43
505,105,2024-07-29,88.38,96.97,74.54,100,89.24,3.47,100
506,106,2024-07-29,96.59,93.69,70.26,86.36,87.6,2.26,91.7
507,107,2024-07-29,77.58,89.96,98.67,65.76,84.79,2.84,99.86
508,108,2024-07-29,80.05,83.13,67.9,83.34,78.43,1.8,98.9
509,109,2024-07-29,47.8,57.65,39.33,62.35,50.82,0.46,98.43
510,110,2024-07-29,66.93,84.57,50.19,68.46,68.27,2.65,96.25
511,111,2024-07-29,100,86.95,94.94,94.63,94.02,0.21,97.07
512,112,2024-07-29,75.07,91.54,54.35,82.47,75.94,0.62,100
513,113,2024-07-29,71.95,55.1,61.42,45.31,60.27,0.12,92.69
514,114,2024-07-29,60.73,54.77,49.38,30,51.49,4.96,93.49
515,115,2024-07-29,88.48,84.91,82.66,75.89,84.06,6.29,99.82
516,116,2024-07-29,67.28,64.09,53.45,82.4,65.13,4.27,99.71
517,117,2024-07-29,75.53,61.28,58.35,68.42,65.89,3.84,92.35
518,118,2024-07-29,67.36,54.51,74.77,37.29,60.85,7.48,98.71
519,119,2024-07-29,84.02,83.63,72.86,61.63,77.75,0.6,95.26
520,120,2024-07-29,100,100,100,100,100.0,1.16,97.15
521,121,2024-07-29,76.11,43.52,38.05,57.82,54.08,0.06,93.9
522,122,2024-07-29,100,100,62.79,100,90.7,1.07,91.87
523,123,2024-07-29,82.43,90.42,89.69,74.97,85.52,0.42,98.79
524,124,2024-07-29,55.29,30,30,43.29,39.58,2.86,100
525,125,2024-07-29,82.27,98.14,94.66,89.13,91.16,0.23,94.23
526,126,2024-07-29,92.1,96.85,96.45,100,95.8,0.41,96.37
527,127,2024-07-29,61.53,67.57,45.36,61.73,59.33,1.55,95.46
528,128,2024-07-29,44.5,45.99,30,70.67,45.25,2.88,97.09
529,129,2024-07-29,83.2,73.24,97.69,91.67,85.11,4.4,96.94
530,130,2024-07-29,62.64,72.7,65.05,72.55,67.75,0.45,99.2
531,131,2024-07-29,84.26,86.61,72.18,98.14,84.03,2.67,99.53
532,132,2024-07-29,48.65,69.66,40.71,40.43,51.74,1.41,96.02
533,133,2024-07-29,77.89,64.17,63.08,59.16,67.26,1.37,94.75
534,134,2024-07-29,60.39,66.05,68.22,80.49,67.06,1.95,98.0
535,135,2024-07-29,55.46,63.51,50.91,52.47,56.29,3.04,100
536,136,2024-07-29,76.64,66.24,79.42,81.53,74.95,2.3,94.68
537,137,2024-07-29,72.26,65.4,61.58,71.3,67.39,1.72,97.2
538,138,2024-07-29,100,90.99,97.82,91.13,95.42,3.9,100
539,139,2024-07-29,100,100,100,100,100.0,1.78,100
540,140,2024-07-29,69.25,90.26,70.61,74.86,76.74,0.68,94.01
541,141,2024-07-29,54.62,57.94,40.93,50.73,51.61,0.18,96.5
542,142,2024-07-29,66.08,51.03,58.56,55.33,58.07,0.73,90.75
543,143,2024-07-29,71.97,75.95,53.81,67.64,67.98,0.02,97.81
544,144,2024-07-29,58.54,50.63,83.26,46.72,60.57,1.43,95.02
545,145,2024-07-29,84.36,79.5,72.54,58.17,76.02,0.98,91.2
546,146,2024-07-29,65.65,80.8,51.73,54.58,65.06,0.9,97.05
547,147,2024-07-29,60.44,59.77,30,64.38,53.22,0.15,98.78
548,148,2024-07-29,74.04,47.1,48.77,57.58,57.17,1.41,99.54
549,149,2024-07-29,100,85.27,69.02,73.06,83.79,5.85,95.38
550,150,2024-07-29,98.84,100,76.71,100,93.83,4.09,98.26
551,151,2024-07-29,66.94,50.76,53.23,41.89,54.9,3.57,94.2
552,152,2024-07-29,49.91,42.36,46.8,52.72,47.29,9.98,92.64
553,153,2024-07-29,74.82,58.28,72.23,79.13,69.86,5.99,98.18
554,154,2024-07-29,69.75,62.21,66.77,63.36,65.78,1.47,99.33
555,155,2024-07-29,91.11,76.43,77.16,67.24,79.64,7.21,96.01
556,156,2024-07-29,100,98.36,100,100,99.51,1.66,94.99
557,157,2024-07-29,52.51,42.45,46.84,47.07,47.26,3.39,98.47
558,158,2024-07-29,80.94,97.24,55.55,68.96,77.68,0.24,97.45
559,159,2024-07-29,86.57,77.62,87.87,89.21,84.61,2.2,94.73
560,160,2024-07-29,72.08,66.56,54.89,72.76,66.23,1.38,96.12
561,161,2024-07-29,77.43,63.37,75.46,70.21,71.64,0.9,94.56
562,162,2024-07-29,100,100,93.59,100,98.4,4.61,97.75
563,163,2024-07-29,97.63,96.08,85.35,92.19,93.28,4.97,90.35
564,164,2024-07-29,78.15,83.53,64.5,59.67,73.58,2.69,97.17
565,165,2024-07-29,90.23,85.06,78.07,75.41,83.42,4.38,96.88
566,166,2024-07-29,72.4,91.61,83.16,84.57,82.68,2.65,92.08
567,167,2024-07-29,77.77,91.85,92.03,88.73,87.2,0.79,100
568,168,2024-07-29,100,89.35,72.26,93.86,88.95,1.37,92.72
569,169,2024-07-29,50.14,55.76,43.68,47.74,49.85,0.52,92.05
570,170,2024-07-29,82.19,73.33,83.47,87.85,80.7,0.16,94.29
571,171,2024-07-29,78.33,64.12,63.57,79.88,70.61,0.56,97.86
572,172,2024-07-29,99.62,100,100,100,99.89,0.1,95.08
573,173,2024-07-29,66.08,77.44,30,81.13,62.73,0.3,90.75
574,174,2024-07-29,72.14,47.4,80.14,54.49,64.07,2.83,93.37
575,175,2024-07-29,86.72,67.15,69.14,82.54,75.83,1.51,96.8
576,176,2024-07-29,72.9,59.46,52.28,70.52,63.36,3.54,100
577,177,2024-07-29,75.69,60.9,47.29,79.47,64.72,1.85,97.93
578,178,2024-07-29,65.64,60.57,49.21,48.9,57.5,5.06,98.79
579,179,2024-07-29,73.91,64.96,87.32,52.62,71.38,4.41,95.92
580,180,2024-07-29,76.86,62.06,51.02,65.62,64.28,3.96,99.91
581,181,2024-07-29,73.47,70.19,60.87,62.48,67.69,1.74,95.14
582,182,2024-07-29,76.71,68.97,62.78,100,74.4,3.97,95.46
583,183,2024-07-29,78.28,83.47,41.78,86.27,71.91,1.0,93.53
584,184,2024-07-29,87.55,63.48,76.24,83.45,76.89,9.23,100
585,185,2024-07-29,53.7,68.21,52.9,55.77,58.16,2.8,95.86
586,186,2024-07-29,50.02,38.53,47.09,31.67,43.09,4.02,96.99
587,187,2024-07-29,66.64,69.93,88.12,87.01,76.05,3.8,92.93
588,188,2024-07-29,68.3,57.03,55.65,67.53,61.64,3.06,94.5
589,189,2024-07-29,95.86,59.32,89.19,92.14,82.67,0.17,100
590,190,2024-07-29,83.88,100,100,91.53,93.89,1.32,95.35
591,191,2024-07-29,93.32,96.99,78.99,95.46,91.16,2.91,96.38
592,192,2024-07-29,91.93,75.15,97.7,83.18,87.03,0.29,99.13
593,193,2024-07-29,55.86,63.08,49.45,61.03,57.2,1.84,99.58
594,194,2024-07-29,77.12,61.86,75.98,75.8,72.06,1.51,91.01
595,195,2024-07-29,100,85.66,95.74,100,94.63,2.38,96.85
596,196,2024-07-29,71.73,56.61,75.26,82.01,69.62,1.04,99.68
597,197,2024-07-29,70.43,58.24,75.5,71.34,68.18,3.58,95.74
598,198,2024-07-29,79.06,58.7,58.24,70.88,66.52,1.77,94.29
599,199,2024-07-29,100,97.61,75.82,98.67,93.04,3.79,95.89
600,200,2024-07-29,64.79,49.77,42.59,57.13,53.58,3.59,92.58
601,1,2024-10-27,98.37,84.1,84.04,82.29,88.09,1.92,92.48
602,2,2024-10-27,100,92.97,100,99.76,97.86,0.04,96.21
603,3,2024-10-27,51.02,56.22,56.58,55.94,54.71,1.81,93.71
604,4,2024-10-27,89.62,70.41,44.16,86.78,72.07,1.19,96.05
605,5,2024-10-27,45.31,30,43.34,45.96,40.32,3.09,96.91
606,6,2024-10-27,84.74,93.01,59.07,75.92,79.48,2.5,100
607,7,2024-10-27,68.51,41.07,53.83,73.07,57.29,2.65,96.69
608,8,2024-10-27,56.74,70.05,39.05,60.9,56.93,4.86,100
609,9,2024-10-27,66.16,68.91,61.52,70.65,66.5,3.57,97.6
610,10,2024-10-27,100,100,65.55,100,91.39,4.5,90.92
611,11,2024-10-27,64.21,75.59,55.72,60.3,64.92,3.58,94.25
612,12,2024-10-27,91.57,79.18,61.02,77.57,78.11,1.66,96.03
613,13,2024-10-27,62.29,43.88,61.15,63.84,56.72,1.07,94.31
614,14,2024-10-27,68.78,57.9,40.5,64.31,57.78,2.58,95.7
615,15,2024-10-27,86.63,73.97,88.7,92.06,84.16,1.19,90.7
616,16,2024-10-27,65.24,76.11,73.26,54.23,68.85,2.05,92.5
617,17,2024-10-27,58.51,83.7,90.66,80.15,77.35,0.01,94.12
618,18,2024-10-27,78.65,58.8,48.9,55.98,61.86,1.29,96.26
619,19,2024-10-27,73.45,65.96,66.3,61.53,67.63,2.34,100
620,20,2024-10-27,100,97.8,100,100,99.34,6.2,97.4
621,21,2024-10-27,83.39,83.0,93.79,77.87,85.05,0.38,93.87
622,22,2024-10-27,82.22,81.86,91.17,100,87.02,2.35,99.02
623,23,2024-10-27,64.47,85.31,70.99,87.11,75.75,6.65,96.93
624,24,2024-10-27,90.89,73.3,69.72,90.83,80.31,3.56,92.68
625,25,2024-10-27,56.38,55.18,38.93,68.27,53.44,2.46,94.62
626,26,2024-10-27,97.18,65.99,92.76,77.85,83.82,4.18,100
627,27,2024-10-27,79.15,85.57,72.86,76.32,79.08,4.2,90.08
628,28,2024-10-27,89.45,75.56,62.3,93.25,79.07,1.08,98.79
629,29,2024-10-27,91.48,65.69,81.65,74.67,78.76,0.51,94.63
630,30,2024-10-27,78.92,83.44,43.4,77.12,71.13,7.03,96.24
631,31,2024-10-27,98.52,69.62,80.62,99.58,85.53,0.03,100
632,32,2024-10-27,66.92,65.04,53.31,67.22,63.0,2.58,92.12
633,33,2024-10-27,65.29,63.92,71.81,74.72,67.92,1.0,93.79
634,34,2024-10-27,100,90.56,93.01,95.12,94.69,2.26,90.77
635,35,2024-10-27,97.86,100,88.44,100,96.47,1.54,94.94
636,36,2024-10-27,30,30,30,30,30.0,1.2,91.58
637,37,2024-10-27,77.84,93.23,42.46,86.44,74.9,0.0,98.09
638,38,2024-10-27,84.57,67.63,81.58,100,81.05,0.23,97.08
639,39,2024-10-27,84.57,92.67,54.41,100,81.77,0.19,95.68
640,40,2024-10-27,78.47,74.33,68.03,56.2,71.28,2.23,96.31
641,41,2024-10-27,66.68,64.41,74.77,66.03,67.92,7.1,96.85
642,42,2024-10-27,59.23,59.3,42.48,46.35,53.13,3.77,97.25
643,43,2024-10-27,90.6,83.23,82.9,91.52,86.6,2.25,98.52
644,44,2024-10-27,54.5,53.63,49.09,59.95,53.7,2.56,93.48
645,45,2024-10-27,97.3,100,96.39,100,98.29,1.45,96.15
646,46,2024-10-27,96.82,62.16,78.13,83.4,79.74,1.58,94.82
647,47,2024-10-27,100,80.33,100,91.64,92.84,3.31,94.35
648,48,2024-10-27,73.33,72.38,77.57,69.28,73.5,0.55,96.32
649,49,2024-10-27,64.79,51.13,75.0,49.66,60.98,2.88,95.0
650,50,2024-10-27,64.91,58.87,66.68,70.45,64.37,5.3,91.49
651,51,2024-10-27,91.46,77.23,61.17,66.19,75.83,2.65,92.8
652,52,2024-10-27,82.67,60.97,72.24,78.68,72.95,1.63,92.55
653,53,2024-10-27,52.76,46.38,68.69,86.1,59.83,4.57,100
654,54,2024-10-27,91.66,71.8,82.14,88.11,82.79,1.18,93.12
655,55,2024-10-27,56.92,68.47,38.84,55.36,55.63,0.15,99.22
656,56,2024-10-27,86.59,96.83,81.32,85.64,88.2,2.59,94.83
657,57,2024-10-27,78.53,73.21,75.57,100,79.41,1.87,98.2
658,58,2024-10-27,99.25,85.04,78.38,93.23,88.87,3.1,95.24
659,59,2024-10-27,53.94,58.77,30,41.89,47.6,5.24,95.23
660,60,2024-10-27,85.31,87.15,68.58,82.51,81.26,4.17,93.77
661,61,2024-10-27,83.18,80.45,76.35,61.98,77.47,1.2,93.13
662,62,2024-10-27,36.67,30,46.53,52.74,39.54,0.74,100
663,63,2024-10-27,93.56,63.92,100,69.93,82.73,0.63,98.8
664,64,2024-10-27,67.54,67.19,40.12,84.5,63.13,2.05,100
665,65,2024-10-27,97.2,82.83,74.52,74.0,83.74,4.14,90.39
666,66,2024-10-27,68.48,69.16,58.27,65.73,65.72,0.45,92.33
667,67,2024-10-27,82.68,93.08,70.48,85.72,83.21,3.19,95.63
668,68,2024-10-27,91.16,96.77,72.9,89.91,88.09,0.33,96.66
669,69,2024-10-27,100,100,100,100,100.0,5.0,97.06
670,70,2024-10-27,86.83,100,86.74,82.93,90.17,1.0,97.38
671,71,2024-10-27,94.06,70.06,61.29,85.24,77.34,0.3,96.98
672,72,2024-10-27,100,100,92.55,100,98.14,3.04,98.2
673,73,2024-10-27,100,86.15,99.22,93.15,94.62,1.45,92.68
674,74,2024-10-27,98.6,81.62,92.89,96.74,91.8,1.7,99.68
675,75,2024-10-27,100,100,77.0,89.94,92.74,5.32,94.59
676,76,2024-10-27,100,91.3,98.1,100,96.92,1.65,95.81
677,77,2024-10-27,82.46,68.05,76.78,77.12,75.91,0.2,93.67
678,78,2024-10-27,56.42,54.74,58.11,41.8,54.15,3.1,96.88
679,79,2024-10-27,71.14,60.08,63.67,96.84,69.81,0.26,90.41
680,80,2024-10-27,82.17,83.0,85.28,89.43,84.29,0.04,94.61
681,81,2024-10-27,81.0,75.93,80.45,85.66,80.04,6.23,94.5
682,82,2024-10-27,84.31,84.97,59.39,81.95,77.92,2.1,97.69
683,83,2024-10-27,95.92,100,83.21,85.52,92.41,0.06,93.49
684,84,2024-10-27,81.79,77.86,65.61,64.02,73.9,4.37,99.11
685,85,2024-10-27,66.82,65.56,59.57,51.48,62.33,3.54,91.95
686,86,2024-10-27,83.49,75.0,73.13,90.76,79.45,2.61,97.76
687,87,2024-10-27,77.99,88.17,64.06,85.44,78.68,3.83,96.44
688,88,2024-10-27,68.96,57.4,30,61.58,54.65,4.82,92.0
689,89,2024-10-27,96.86,72.44,99.55,99.38,90.58,0.58,95.47
690,90,2024-10-27,83.93,77.27,100,97.64,88.01,0.17,97.3
691,91,2024-10-27,61.46,66.13,61.96,69.56,64.2,0.3,98.62
692,92,2024-10-27,96.47,100,81.05,95.1,93.47,0.95,98.88
693,93,2024-10-27,73.57,85.02,69.56,80.68,77.07,0.78,94.7
694,94,2024-10-27,79.71,64.37,56.01,69.53,67.66,2.86,92.35
695,95,2024-10-27,90.43,68.98,77.47,70.77,77.81,2.25,95.25
696,96,2024-10-27,100,92.22,91.18,89.96,93.95,5.38,95.59
697,97,2024-10-27,80.02,76.02,89.91,90.4,82.85,0.04,94.07
698,98,2024-10-27,80.67,91.1,45.79,70.07,73.49,0.69,93.26
699,99,2024-10-27,37.85,58.41,33.63,64.0,46.89,2.13,93.19
700,100,2024-10-27,71.27,53.87,39.19,61.27,56.53,0.86,95.43
701,101,2024-10-27,66.89,72.83,65.89,57.39,67.0,0.31,95.4
702,102,2024-10-27,92.87,76.6,83.31,77.71,83.32,1.96,96.56
703,103,2024-10-27,88.78,86.53,80.55,87.12,85.8,1.8,95.53
704,104,2024-10-27,100,92.75,58.35,92.01,86.22,2.62,97.56
705,105,2024-10-27,47.35,56.44,51.22,64.82,53.67,0.21,96.36
706,106,2024-10-27,85.92,73.8,59.3,100,77.74,3.81,94.01
707,107,2024-10-27,87.39,87.72,85.56,74.41,85.08,1.37,90.35
708,108,2024-10-27,79.07,61.9,81.75,54.6,70.92,2.18,97.61
709,109,2024-10-27,100,100,84.11,100,96.03,1.24,92.9
710,110,2024-10-27,81.23,73.51,54.3,81.85,72.27,4.3,99.48
711,111,2024-10-27,89.79,83.51,67.41,81.03,81.0,2.84,97.11
712,112,2024-10-27,87.75,53.22,82.35,61.92,72.17,3.84,100
713,113,2024-10-27,75.69,77.96,57.31,94.23,74.56,1.52,97.16
714,114,2024-10-27,69.58,62.73,59.01,66.58,64.43,1.05,99.79
715,115,2024-10-27,74.64,80.6,91.29,83.96,81.99,0.63,98.6
716,116,2024-10-27,89.21,90.45,71.91,100,86.87,4.78,90.26
717,117,2024-10-27,84.48,87.68,92.83,56.9,83.39,1.06,92.02
718,118,2024-10-27,81.67,68.36,87.96,90.3,80.54,3.15,96.89
719,119,2024-10-27,91.82,73.01,71.84,72.06,78.22,2.75,94.88
720,120,2024-10-27,81.88,50.47,50.41,65.76,62.17,0.72,97.2
721,121,2024-10-27,51.45,50.23,50.78,50.09,50.71,3.19,100
722,122,2024-10-27,52.67,56.12,39.98,82.78,55.05,3.23,97.56
723,123,2024-10-27,87.57,72.0,72.11,100,80.9,3.57,97.06
724,124,2024-10-27,79.49,83.33,65.91,84.05,77.93,3.86,94.59
725,125,2024-10-27,100,87.89,96.95,91.11,94.27,0.71,93.1
726,126,2024-10-27,73.31,72.84,78.51,61.76,72.74,2.13,99.42
727,127,2024-10-27,88.78,81.51,59.32,89.47,79.34,0.46,92.58
728,128,2024-10-27,77.06,67.76,42.01,67.5,64.07,3.78,89.22
729,129,2024-10-27,72.84,50.51,70.42,72.94,65.55,1.45,99.16
730,130,2024-10-27,58.69,73.52,40.17,61.89,58.99,1.45,99.27
731,131,2024-10-27,83.33,83.42,64.49,79.18,78.02,2.67,96.68
732,132,2024-10-27,100,100,90.99,100,97.75,0.32,96.81
733,133,2024-10-27,90.45,73.13,61.48,72.54,75.33,5.58,98.28
734,134,2024-10-27,79.93,52.23,56.7,63.94,63.41,1.33,97.03
735,135,2024-10-27,78.24,68.19,48.53,81.31,68.26,0.85,93.59
736,136,2024-10-27,76.57,62.87,59.19,65.01,66.38,0.4,96.77
737,137,2024-10-27,81.83,86.07,76.92,84.35,82.25,1.89,100
738,138,2024-10-27,73.53,76.5,69.76,70.11,72.97,0.34,94.38
739,139,2024-10-27,77.3,65.4,60.68,74.93,69.22,5.98,95.67
740,140,2024-10-27,85.64,77.85,69.74,96.35,80.93,1.44,100
741,141,2024-10-27,83.75,75.49,100,58.56,81.56,1.2,95.4
742,142,2024-10-27,71.47,67.25,56.45,81.05,67.89,0.71,92.15
743,143,2024-10-27,99.47,87.94,100,96.95,95.77,1.18,93.29
744,144,2024-10-27,83.15,92.79,61.57,70.57,78.76,3.12,95.8
745,145,2024-10-27,65.17,60.35,60.21,78.29,64.45,1.03,98.19
746,146,2024-10-27,86.03,66.71,91.31,87.83,81.82,4.4,94.93
747,147,2024-10-27,59.87,67.42,57.27,57.9,61.19,6.2,98.84
748,148,2024-10-27,97.93,80.47,85.07,67.7,84.94,0.55,96.44
749,149,2024-10-27,57.43,80.31,63.57,59.23,66.1,3.06,95.96
750,150,2024-10-27,100,81.0,78.83,83.9,86.59,1.11,100
751,151,2024-10-27,85.56,57.67,65.2,81.02,71.42,7.97,92.57
752,152,2024-10-27,100,91.33,100,88.59,95.69,0.73,97.51
753,153,2024-10-27,74.9,70.62,39.24,52.12,61.28,2.0,95.17
754,154,2024-10-27,100,98.94,75.03,100,93.44,1.51,95.11
755,155,2024-10-27,81.8,67.19,78.22,72.34,75.1,3.93,96.72
756,156,2024-10-27,100,74.35,66.49,76.43,80.39,6.09,98.53
757,157,2024-10-27,100,100,78.14,100,94.54,4.81,96.65
758,158,2024-10-27,100,99.87,100,100,99.96,0.16,98.6
759,159,2024-10-27,82.28,78.67,84.34,79.79,81.34,4.56,95.46
760,160,2024-10-27,76.51,53.73,35.2,72.51,58.75,1.13,100
761,161,2024-10-27,90.16,65.13,60.69,91.5,75.48,7.67,93.19
762,162,2024-10-27,73.1,90.54,73.74,99.4,82.44,4.97,97.88
763,163,2024-10-27,86.51,96.18,79.97,97.0,89.35,0.44,93.24
764,164,2024-10-27,45.85,46.28,41.2,37.09,43.5,0.93,99.3
765,165,2024-10-27,93.61,98.31,64.56,90.96,87.36,2.81,94.17
766,166,2024-10-27,65.72,68.04,77.97,67.71,69.78,3.9,90.5
767,167,2024-10-27,81.91,46.82,45.92,72.96,61.04,0.07,100
768,168,2024-10-27,100,100,100,100,100.0,1.27,99.56
769,169,2024-10-27,83.2,72.34,56.71,70.88,71.47,1.25,97.53
770,170,2024-10-27,67.2,46.9,35.95,70.12,53.74,1.24,96.95
771,171,2024-10-27,92.58,72.16,74.25,63.17,77.46,4.36,100
772,172,2024-10-27,100,100,100,100,100.0,1.34,93.1
773,173,2024-10-27,79.93,93.6,55.61,53.89,74.05,0.55,97.33
774,174,2024-10-27,65.65,55.91,30,49.49,51.39,7.56,95.81
775,175,2024-10-27,69.24,57.06,63.8,78.17,65.56,2.72,96.37
776,176,2024-10-27,80.73,71.33,73.21,89.63,77.37,1.84,93.97
777,177,2024-10-27,82.98,78.6,82.93,85.55,82.04,1.41,93.05
778,178,2024-10-27,59.31,35.57,30.88,44.1,42.8,0.93,98.91
779,179,2024-10-27,55.51,65.96,76.9,69.06,66.02,1.36,96.68
780,180,2024-10-27,85.54,85.24,66.59,85.43,80.7,5.39,93.83
781,181,2024-10-27,100,100,79.79,100,94.95,3.13,90.18
782,182,2024-10-27,73.85,78.92,82.85,68.35,76.8,1.33,92.02
783,183,2024-10-27,100,100,96.12,96.94,98.57,4.21,95.14
784,184,2024-10-27,77.04,63.02,52.1,90.95,68.68,2.17,98.29
785,185,2024-10-27,93.62,85.96,97.78,97.73,92.98,0.41,94.26
786,186,2024-10-27,86.87,84.29,44.15,51.34,70.09,2.52,97.14
787,187,2024-10-27,100,100,90.8,100,97.7,2.44,94.85
788,188,2024-10-27,100,98.75,87.09,86.23,94.33,0.19,91.47
789,189,2024-10-27,63.58,58.87,51.83,65.44,59.51,2.39,96.68
790,190,2024-10-27,86.68,77.52,67.38,95.34,80.41,0.71,91.49
791,191,2024-10-27,73.96,55.95,90.73,65.73,71.52,1.45,97.88
792,192,2024-10-27,52.95,57.93,56.03,61.27,56.46,1.6,98.93
793,193,2024-10-27,92.55,100,100,100,97.76,0.02,92.1
794,194,2024-10-27,69.81,69.67,73.15,56.72,68.64,2.51,95.83
795,195,2024-10-27,80.81,90.73,84.77,78.76,84.47,0.48,95.24
796,196,2024-10-27,73.21,73.45,76.9,68.51,73.5,2.92,95.91
797,197,2024-10-27,83.87,72.37,67.21,75.44,74.99,3.15,99.34
798,198,2024-10-27,93.65,100,74.4,94.06,90.8,4.17,97.09
799,199,2024-10-27,94.36,100,96.25,98.53,97.15,0.4,97.46
800,200,2024-10-27,84.09,72.8,73.79,66.66,75.52,5.34,95.75
801,1,2025-01-25,80.55,73.89,55.43,60.52,69.27,0.38,93.52
802,2,2025-01-25,100,100,100,100,100.0,1.93,99.15
803,3,2025-01-25,100,100,100,92.97,98.95,0.18,98.12
804,4,2025-01-25,100,93.28,76.87,92.88,91.14,3.46,91.56
805,5,2025-01-25,74.59,52.45,37.03,59.06,56.23,0.77,100
806,6,2025-01-25,76.98,69.0,75.61,73.44,73.71,3.19,99.88
807,7,2025-01-25,65.88,76.13,60.41,73.34,68.71,2.67,97.54
808,8,2025-01-25,95.96,76.85,78.2,100,86.39,1.87,94.6
809,9,2025-01-25,98.09,100,100,100,99.43,2.79,95.93
810,10,2025-01-25,50.09,45.93,43.83,47.68,46.92,0.48,96.14
811,11,2025-01-25,80.72,79.36,70.31,90.21,79.14,1.74,95.94
812,12,2025-01-25,64.23,74.47,40.55,58.26,60.49,3.75,96.86
813,13,2025-01-25,99.92,100,100,92.4,98.83,2.29,90.24
814,14,2025-01-25,70.85,67.15,37.25,70.99,61.36,2.19,88.41
815,15,2025-01-25,82.84,82.72,100,87.74,87.83,2.91,95.86
816,16,2025-01-25,85.18,66.57,77.96,77.0,76.57,4.5,97.83
817,17,2025-01-25,93.06,89.4,99.41,81.37,91.8,1.16,94.64
818,18,2025-01-25,91.12,70.31,71.98,99.95,81.41,0.68,95.21
819,19,2025-01-25,100,100,90.35,87.79,95.76,2.46,94.71
820,20,2025-01-25,80.37,85.96,77.06,90.56,82.75,0.42,96.73
821,21,2025-01-25,78.73,76.75,86.46,57.61,76.9,0.2,97.5
822,22,2025-01-25,100,100,99.18,100,99.79,4.3,99.54
823,23,2025-01-25,91.92,71.52,94.42,77.72,84.3,1.83,94.69
824,24,2025-01-25,83.1,82.67,63.63,80.07,77.65,2.34,97.75
825,25,2025-01-25,69.35,52.43,67.29,64.03,62.96,2.61,95.72
826,26,2025-01-25,75.17,65.0,45.44,71.11,64.08,4.36,96.32
827,27,2025-01-25,70.01,78.32,64.12,68.15,70.75,1.24,96.17
828,28,2025-01-25,91.99,100,79.36,100,92.44,2.08,100
829,29,2025-01-25,100,65.45,66.41,82.77,78.65,6.62,99.57
830,30,2025-01-25,77.49,67.57,70.23,47.97,68.27,2.3,93.46
831,31,2025-01-25,68.36,74.93,77.86,65.03,72.21,5.99,94.23
832,32,2025-01-25,80.66,93.26,61.17,82.14,79.79,3.83,97.13
833,33,2025-01-25,81.25,65.93,68.07,82.65,73.57,2.9,92.1
834,34,2025-01-25,71.73,78.95,55.4,71.42,69.77,1.7,96.12
835,35,2025-01-25,94.24,80.04,81.58,91.62,86.42,0.73,91.76
836,36,2025-01-25,75.34,64.03,70.79,79.09,71.37,4.88,97.73
837,37,2025-01-25,100,95.39,100,100,98.62,1.42,94.82
838,38,2025-01-25,96.64,76.8,78.44,86.12,84.56,2.73,98.27
839,39,2025-01-25,61.62,64.68,65.33,62.5,63.6,0.65,99.2
840,40,2025-01-25,71.44,74.94,68.64,52.22,68.91,2.8,98.47
841,41,2025-01-25,75.34,58.58,60.12,63.47,64.73,0.48,95.92
842,42,2025-01-25,55.97,65.66,62.47,66.42,62.07,0.91,94.89
843,43,2025-01-25,100,99.81,100,100,99.94,0.29,91.18
844,44,2025-01-25,94.69,89.88,58.72,100,85.05,3.87,96.73
845,45,2025-01-25,72.1,46.98,83.39,58.39,65.33,2.53,99.17
846,46,2025-01-25,57.35,66.63,61.46,78.91,64.4,0.51,96.34
847,47,2025-01-25,95.83,97.24,96.77,100,97.11,0.55,98.19
848,48,2025-01-25,81.63,60.23,50.32,56.1,63.55,4.09,94.5
849,49,2025-01-25,83.41,71.31,61.52,58.25,70.53,0.44,94.43
850,50,2025-01-25,74.06,64.11,42.57,70.96,62.74,1.75,100
851,51,2025-01-25,81.89,90.32,68.23,67.11,78.79,0.46,97.46
852,52,2025-01-25,75.1,75.28,70.16,83.46,75.17,0.67,94.82
853,53,2025-01-25,100,100,100,100,100.0,3.81,95.17
854,54,2025-01-25,68.63,91.45,73.68,83.71,79.0,1.31,99.61
855,55,2025-01-25,66.33,77.86,72.19,68.84,71.63,2.72,93.01
856,56,2025-01-25,74.21,77.85,83.88,76.97,78.13,3.32,93.1
857,57,2025-01-25,69.43,51.62,55.37,68.7,60.46,1.01,100
858,58,2025-01-25,95.06,71.73,84.81,78.97,83.09,0.64,100
859,59,2025-01-25,78.66,89.89,53.69,63.87,73.57,2.88,95.15
860,60,2025-01-25,87.62,60.73,62.46,78.98,71.97,5.88,97.3
861,61,2025-01-25,82.08,82.64,78.62,86.13,81.99,4.57,96.13
862,62,2025-01-25,72.47,85.86,43.04,54.54,66.44,0.33,97.25
863,63,2025-01-25,65.59,53.91,30,84.81,56.07,0.06,93.42
864,64,2025-01-25,60.47,81.87,52.06,70.0,66.22,0.83,96.89
865,65,2025-01-25,85.53,97.98,72.32,100,88.14,3.77,95.95
866,66,2025-01-25,61.92,62.38,51.45,64.22,59.79,4.7,95.1
867,67,2025-01-25,73.38,93.59,71.37,88.1,81.15,5.58,93.79
868,68,2025-01-25,100,98.97,100,100,99.69,4.53,91.87
869,69,2025-01-25,81.28,72.44,75.18,79.49,76.83,4.24,94.3
870,70,2025-01-25,66.51,50.73,66.61,63.76,61.39,0.08,93.91
871,71,2025-01-25,79.83,93.25,76.83,95.08,85.39,0.51,99.58
872,72,2025-01-25,85.62,95.77,82.86,85.24,87.92,0.82,99.21
873,73,2025-01-25,81.41,91.1,67.44,68.79,78.93,1.54,96.25
874,74,2025-01-25,74.86,49.93,65.2,80.23,65.77,7.28,91.85
875,75,2025-01-25,97.15,100,89.49,86.62,94.51,1.73,93.81
876,76,2025-01-25,100,83.62,97.74,98.15,94.24,4.45,92.04
877,77,2025-01-25,94.21,85.1,92.67,96.59,91.45,3.18,97.48
878,78,2025-01-25,88.46,79.32,61.46,83.7,78.25,4.43,97.17
879,79,2025-01-25,83.94,61.04,64.72,70.2,70.2,3.28,96.35
880,80,2025-01-25,100,100,100,100,100.0,3.23,99.94
881,81,2025-01-25,89.03,87.7,88.87,75.53,86.56,1.0,92.11
882,82,2025-01-25,67.16,44.02,64.73,34.68,54.74,3.44,88.15
883,83,2025-01-25,82.42,90.46,80.41,71.16,82.64,1.88,96.16
884,84,2025-01-25,74.74,56.02,48.09,61.75,60.51,4.72,93.95
885,85,2025-01-25,80.61,74.34,87.45,68.07,78.56,0.52,95.64
886,86,2025-01-25,86.19,81.96,76.87,64.37,79.32,0.87,97.9
887,87,2025-01-25,100,95.3,69.6,100,90.99,4.82,96.45
888,88,2025-01-25,80.25,61.46,56.04,89.68,69.98,3.64,95.65
889,89,2025-01-25,86.36,68.27,60.2,76.69,72.94,4.07,97.0
890,90,2025-01-25,92.69,100,86.34,72.31,90.24,6.18,93.48
891,91,2025-01-25,72.22,55.73,49.72,73.47,61.84,3.09,95.38
892,92,2025-01-25,54.29,54.84,49.26,66.84,55.08,4.59,98.38
893,93,2025-01-25,84.65,65.24,86.25,78.38,78.28,1.65,95.08
894,94,2025-01-25,100,91.07,85.62,100,93.72,0.64,98.99
895,95,2025-01-25,87.83,77.21,70.45,81.61,79.36,2.91,96.61
896,96,2025-01-25,100,100,100,100,100.0,2.71,94.0
897,97,2025-01-25,100,100,84.3,98.44,95.84,2.41,100
898,98,2025-01-25,94.95,100,85.15,96.64,94.27,0.4,94.85
899,99,2025-01-25,69.01,84.36,61.76,66.64,71.45,0.03,96.32
900,100,2025-01-25,56.27,60.28,54.1,68.08,58.7,4.72,92.07
901,101,2025-01-25,80.18,77.13,79.48,65.47,76.89,5.46,100
902,102,2025-01-25,99.02,82.58,69.08,82.38,84.11,4.54,94.1
903,103,2025-01-25,91.59,93.92,94.22,86.57,92.19,1.04,97.42
904,104,2025-01-25,57.36,30.43,36.02,51.46,43.06,2.8,98.2
905,105,2025-01-25,62.51,56.47,47.48,50.67,55.16,4.12,94.6
906,106,2025-01-25,100,79.14,100,87.21,91.82,3.49,96.58
907,107,2025-01-25,85.65,95.17,68.79,92.0,85.24,0.56,100
908,108,2025-01-25,100,78.95,100,77.66,90.33,1.2,96.55
909,109,2025-01-25,100,80.74,100,86.35,92.17,2.32,97.69
910,110,2025-01-25,55.65,49.42,46.6,62.09,52.48,2.43,98.32
911,111,2025-01-25,55.33,65.11,40.04,61.16,55.32,3.66,99.3
912,112,2025-01-25,98.81,82.72,85.67,85.11,88.65,0.9,91.68
913,113,2025-01-25,47.72,49.56,43.7,51.07,47.77,5.45,95.82
914,114,2025-01-25,55.13,44.47,43.23,40.56,46.77,1.51,97.07
915,115,2025-01-25,99.89,98.91,100,100,99.64,1.52,100
916,116,2025-01-25,67.86,73.82,67.14,67.56,69.42,3.96,94.36
917,117,2025-01-25,69.54,57.68,66.47,77.83,66.46,1.77,92.54
918,118,2025-01-25,92.61,85.85,89.77,73.42,86.99,5.62,95.6
919,119,2025-01-25,67.9,62.94,70.68,64.92,66.66,0.31,98.57
920,120,2025-01-25,88.23,89.47,90.9,64.42,85.7,1.13,93.1
921,121,2025-01-25,58.38,85.56,81.28,80.66,75.6,1.72,93.37
922,122,2025-01-25,79.27,80.71,54.66,70.56,72.24,2.74,100
923,123,2025-01-25,100,100,92.54,99.09,98.0,2.23,98.71
924,124,2025-01-25,65.44,69.23,76.79,78.71,71.41,0.58,94.73
925,125,2025-01-25,72.07,60.63,63.61,76.84,67.24,3.42,93.1
926,126,2025-01-25,59.65,54.79,48.5,30,50.96,0.73,95.79
927,127,2025-01-25,64.12,80.2,49.67,60.56,64.8,0.42,95.97
928,128,2025-01-25,100,87.99,84.58,100,92.54,5.66,95.03
929,129,2025-01-25,75.51,91.19,85.99,80.21,83.54,0.15,94.58
930,130,2025-01-25,74.23,70.08,76.95,82.47,74.9,0.46,100
931,131,2025-01-25,89.34,67.22,52.93,81.26,72.39,0.58,94.17
932,132,2025-01-25,74.96,56.77,65.83,93.0,69.93,2.23,100
933,133,2025-01-25,84.67,83.34,81.94,89.86,84.37,2.02,97.76
934,134,2025-01-25,100,100,100,100,100.0,1.74,93.36
935,135,2025-01-25,93.26,87.2,70.04,81.34,83.85,2.13,96.34
936,136,2025-01-25,89.85,76.26,63.91,73.28,76.8,2.62,88.65
937,137,2025-01-25,94.45,97.58,96.38,99.95,96.7,1.13,93.2
938,138,2025-01-25,74.1,95.9,89.67,67.84,83.59,0.54,97.38
939,139,2025-01-25,78.3,94.63,71.99,70.33,80.43,3.62,95.93
940,140,2025-01-25,73.41,85.44,98.71,88.23,85.57,4.07,95.21
941,141,2025-01-25,100,100,94.57,100,98.64,4.4,100
942,142,2025-01-25,61.46,42.66,55.06,61.35,54.2,1.15,92.4
943,143,2025-01-25,59.75,56.36,62.12,62.37,59.72,0.88,92.76
944,144,2025-01-25,76.6,80.54,97.34,70.24,82.01,2.65,93.45
945,145,2025-01-25,70.86,69.66,70.85,92.61,73.76,1.29,96.49
946,146,2025-01-25,80.42,100,47.23,76.25,77.37,1.47,99.39
947,147,2025-01-25,77.41,72.03,61.47,73.72,71.26,5.07,99.18
948,148,2025-01-25,76.96,78.92,68.0,55.1,72.03,0.67,94.16
949,149,2025-01-25,70.08,70.0,57.68,41.16,62.62,1.07,97.44
950,150,2025-01-25,94.73,76.25,84.7,60.1,81.48,3.23,97.11
951,151,2025-01-25,70.99,91.1,58.04,71.41,73.85,0.16,100
952,152,2025-01-25,93.31,90.62,78.91,100,89.91,0.24,93.67
953,153,2025-01-25,55.15,65.19,62.12,71.75,62.39,2.02,94.29
954,154,2025-01-25,100,84.91,76.74,100,89.66,0.25,88.57
955,155,2025-01-25,84.71,79.33,62.18,79.43,76.67,1.98,92.82
956,156,2025-01-25,88.66,100,65.04,99.25,87.75,0.6,100
957,157,2025-01-25,63.16,72.56,58.34,73.16,66.27,0.17,94.62
958,158,2025-01-25,76.89,64.13,66.5,83.15,71.4,2.72,93.5
959,159,2025-01-25,75.18,51.49,64.71,71.5,64.9,3.91,96.86
960,160,2025-01-25,66.47,65.22,67.75,81.1,68.61,3.98,94.21
961,161,2025-01-25,92.04,73.06,84.16,69.54,81.0,3.25,92.82
962,162,2025-01-25,78.97,84.43,59.43,81.55,76.11,1.6,96.42
963,163,2025-01-25,77.95,90.82,75.43,88.41,82.75,1.36,99.26
964,164,2025-01-25,96.81,100,53.42,90.26,85.94,3.78,98.67
965,165,2025-01-25,56.02,74.37,45.91,79.17,62.47,2.09,93.06
966,166,2025-01-25,66.66,63.0,54.58,36.57,58.03,2.63,100
967,167,2025-01-25,87.51,55.14,79.07,85.59,75.4,5.98,94.98
968,168,2025-01-25,62.38,56.36,85.28,75.61,68.28,2.1,92.67
969,169,2025-01-25,86.74,80.18,91.21,94.56,87.06,0.91,96.83
970,170,2025-01-25,66.58,88.19,63.52,81.23,74.49,4.22,99.0
971,171,2025-01-25,49.42,38.74,30,55.4,42.26,3.75,97.76
972,172,2025-01-25,69.99,66.43,67.22,69.31,68.13,0.92,98.22
973,173,2025-01-25,64.85,46.74,48.15,50.43,53.08,3.8,97.4
974,174,2025-01-25,86.03,79.59,69.56,61.76,76.34,3.74,99.49
975,175,2025-01-25,67.18,31.88,37.89,59.07,48.05,0.46,94.87
976,176,2025-01-25,100,91.77,100,100,97.53,4.21,99.39
977,177,2025-01-25,96.0,86.73,89.85,80.43,89.35,4.8,97.33
978,178,2025-01-25,77.54,59.32,53.28,83.64,66.92,0.2,96.73
979,179,2025-01-25,100,83.29,58.05,100,84.5,0.25,95.85
980,180,2025-01-25,56.68,56.68,37.95,73.78,54.56,1.82,90.64
981,181,2025-01-25,99.63,93.41,100,85.39,95.72,3.05,90.84
982,182,2025-01-25,100,91.19,98.91,89.25,95.47,1.54,94.41
983,183,2025-01-25,67.54,60.42,59.59,59.76,62.25,0.41,98.55
984,184,2025-01-25,100,100,100,95.68,99.35,3.26,89.97
985,185,2025-01-25,68.04,51.77,41.24,38.48,52.02,1.28,96.97
986,186,2025-01-25,81.26,68.56,73.51,65.97,73.22,0.45,100
987,187,2025-01-25,81.65,62.82,64.29,62.05,68.72,0.58,94.79
988,188,2025-01-25,100,86.92,96.28,100,95.15,2.68,99.06
989,189,2025-01-25,86.32,100,98.1,100,95.42,1.54,98.4
990,190,2025-01-25,99.17,100,100,92.85,98.68,1.01,97.79
991,191,2025-01-25,79.25,66.38,79.15,65.62,73.32,2.06,95.52
992,192,2025-01-25,67.58,66.64,65.62,79.52,68.6,2.2,96.92
993,193,2025-01-25,72.18,55.22,72.21,61.7,65.53,1.6,93.33
994,194,2025-01-25,76.89,73.58,62.53,80.55,72.86,1.18,92.74
995,195,2025-01-25,76.57,54.29,48.44,48.66,58.67,4.86,100
996,196,2025-01-25,100,96.76,76.76,73.8,89.29,0.67,95.78
997,197,2025-01-25,69.88,73.95,74.31,69.33,72.13,7.8,95.61
998,198,2025-01-25,90.99,79.44,75.93,68.19,80.34,2.78,92.99
999,199,2025-01-25,66.43,70.6,56.68,61.32,64.48,0.05,91.56
1000,200,2025-01-25,71.47,60.86,63.95,70.89,66.32,0.42,97.28
1001,1,2025-04-25,60.95,76.28,71.08,83.28,71.43,0.05,98.42
1002,2,2025-04-25,40.91,43.14,30,66.12,42.63,7.92,94.45
1003,3,2025-04-25,94.73,98.66,80.77,67.35,88.31,0.78,96.66
1004,4,2025-04-25,69.34,79.27,62.86,86.12,73.22,2.92,93.36
1005,5,2025-04-25,100,93.59,95.92,94.33,96.2,2.67,95.23
1006,6,2025-04-25,100,100,91.15,100,97.79,5.0,92.94
1007,7,2025-04-25,95.07,100,75.63,100,92.43,6.71,98.8
1008,8,2025-04-25,90.95,98.58,91.35,87.91,92.88,2.69,100
1009,9,2025-04-25,95.92,73.55,68.74,85.76,80.89,5.61,99.64
1010,10,2025-04-25,100,86.77,68.17,100,88.07,0.03,98.49
1011,11,2025-04-25,40.05,48.16,30,43.31,40.46,0.37,93.65
1012,12,2025-04-25,84.55,58.69,71.1,66.03,70.65,4.75,100
1013,13,2025-04-25,85.43,70.66,77.4,86.1,79.09,3.28,100
1014,14,2025-04-25,82.89,79.18,92.49,68.85,82.07,1.43,98.8
1015,15,2025-04-25,71.21,64.28,56.54,53.45,62.8,1.73,92.98
1016,16,2025-04-25,74.66,63.47,54.34,81.37,67.23,0.56,99.31
1017,17,2025-04-25,75.68,75.23,57.83,63.99,69.33,0.22,93.44
1018,18,2025-04-25,92.03,77.66,55.29,72.02,75.53,1.23,92.75
1019,19,2025-04-25,45.79,76.0,77.72,60.28,65.01,2.82,92.71
1020,20,2025-04-25,79.75,64.31,80.53,83.5,75.88,4.51,92.87
1021,21,2025-04-25,66.86,55.51,63.95,66.0,62.6,1.45,90.98
1022,22,2025-04-25,66.44,79.23,62.59,89.68,72.8,0.22,100
1023,23,2025-04-25,70.34,71.3,59.88,62.33,66.81,0.96,91.26
1024,24,2025-04-25,88.34,65.66,84.87,91.26,81.11,1.83,92.63
1025,25,2025-04-25,91.09,71.51,74.3,90.7,80.96,8.96,93.98
1026,26,2025-04-25,100,93.23,83.65,93.61,92.92,0.1,93.94
1027,27,2025-04-25,61.89,66.31,52.75,44.06,58.26,0.01,91.79
1028,28,2025-04-25,78.27,59.12,67.38,68.58,68.35,0.53,95.61
1029,29,2025-04-25,45.31,48.11,77.77,56.44,55.94,0.56,93.21
1030,30,2025-04-25,44.03,45.74,30,60.41,43.49,1.27,94.05
1031,31,2025-04-25,97.84,99.03,90.69,100,96.73,6.75,93.46
1032,32,2025-04-25,63.32,53.99,30,62.12,52.01,0.07,97.91
1033,33,2025-04-25,79.31,92.81,63.42,70.95,78.13,1.24,92.96
1034,34,2025-04-25,73.16,94.77,73.69,78.83,80.63,0.91,100
1035,35,2025-04-25,93.98,69.03,65.65,71.38,76.02,1.75,96.42
1036,36,2025-04-25,84.99,64.42,52.69,57.39,66.6,3.38,93.23
1037,37,2025-04-25,92.97,74.04,94.34,96.17,88.11,3.71,94.94
1038,38,2025-04-25,75.09,72.57,97.02,83.22,81.03,2.28,97.27
1039,39,2025-04-25,83.96,85.65,58.26,96.04,79.85,5.7,91.29
1040,40,2025-04-25,100,98.54,86.83,100,96.27,0.68,98.27
1041,41,2025-04-25,100,100,94.99,100,98.75,3.76,100
1042,42,2025-04-25,78.5,70.47,59.48,58.01,68.26,2.91,94.32
1043,43,2025-04-25,84.63,75.16,88.75,88.78,83.44,3.44,94.62
1044,44,2025-04-25,74.76,33.17,77.55,80.41,63.83,0.98,93.66
1045,45,2025-04-25,81.73,59.29,79.27,64.33,71.77,2.19,93.38
1046,46,2025-04-25,64.28,62.04,58.88,60.95,61.76,0.18,94.24
1047,47,2025-04-25,74.72,60.91,76.34,70.19,70.3,1.0,99.77
1048,48,2025-04-25,83.1,85.96,55.25,94.17,78.66,0.63,95.44
1049,49,2025-04-25,71.38,51.99,59.59,78.48,63.68,0.01,96.53
1050,50,2025-04-25,65.61,73.84,92.59,52.75,72.89,1.09,100
1051,51,2025-04-25,100,95.27,93.11,89.06,95.22,2.8,98.1
1052,52,2025-04-25,80.55,76.87,80.95,80.81,79.59,3.41,96.04
1053,53,2025-04-25,46.87,43.85,63.5,68.75,53.4,3.47,92.15
1054,54,2025-04-25,64.48,77.26,64.35,59.32,67.51,1.57,95.21
1055,55,2025-04-25,90.05,95.75,74.27,88.28,87.55,0.77,94.27
1056,56,2025-04-25,85.26,57.77,47.39,66.21,64.69,5.83,90.26
1057,57,2025-04-25,78.18,84.2,61.12,71.79,74.76,3.95,97.19
1058,58,2025-04-25,100,100,93.02,100,98.26,3.59,96.81
1059,59,2025-04-25,39.78,46.95,59.03,47.38,47.88,0.54,94.97
1060,60,2025-04-25,67.71,72.48,70.01,63.98,69.16,3.38,99.02
1061,61,2025-04-25,63.05,44.35,49.6,52.64,52.51,0.57,91.51
1062,62,2025-04-25,85.25,66.97,61.67,88.65,74.38,3.82,94.59
1063,63,2025-04-25,66.59,46.75,64.77,70.04,60.7,5.56,95.87
1064,64,2025-04-25,72.57,63.96,63.79,69.59,67.35,2.91,98.94
1065,65,2025-04-25,69.28,80.79,43.33,56.79,64.37,3.1,98.96
1066,66,2025-04-25,100,92.15,81.78,100,93.09,1.66,100
1067,67,2025-04-25,72.12,78.89,76.58,49.41,71.86,2.98,96.94
1068,68,2025-04-25,85.88,72.41,84.34,79.16,80.45,1.19,90.89
1069,69,2025-04-25,70.64,57.25,49.06,75.41,61.94,1.47,95.62
1070,70,2025-04-25,100,98.05,86.5,100,96.04,1.48,99.03
1071,71,2025-04-25,62.45,77.83,68.36,59.96,68.17,0.59,100
1072,72,2025-04-25,97.08,79.25,90.25,89.15,88.84,0.44,95.04
1073,73,2025-04-25,95.03,81.18,67.59,100,84.76,2.36,95.51
1074,74,2025-04-25,96.66,86.22,69.6,80.38,84.32,0.09,96.09
1075,75,2025-04-25,37.58,57.25,40.34,42.01,44.83,1.91,95.18
1076,76,2025-04-25,56.39,63.18,47.52,52.41,55.61,0.95,94.93
1077,77,2025-04-25,95.63,100,100,77.0,95.24,4.61,97.31
1078,78,2025-04-25,91.27,82.96,77.76,93.38,85.72,3.5,100
1079,79,2025-04-25,96.79,91.18,100,90.72,95.0,5.4,93.66
1080,80,2025-04-25,69.8,66.58,49.62,70.93,63.96,0.48,100
1081,81,2025-04-25,74.98,70.16,62.18,63.2,68.57,3.67,99.83
1082,82,2025-04-25,100,100,100,100,100.0,3.79,88.34
1083,83,2025-04-25,70.91,77.29,53.28,76.83,69.31,1.54,96.38
1084,84,2025-04-25,100,100,100,100,100.0,3.38,94.78
1085,85,2025-04-25,30,30,37.45,56.47,35.83,2.39,97.26
1086,86,2025-04-25,100,100,84.61,89.75,94.61,0.53,97.33
1087,87,2025-04-25,67.27,68.01,48.33,41.17,58.85,0.63,94.1
1088,88,2025-04-25,100,91.58,82.93,91.27,91.9,5.79,96.94
1089,89,2025-04-25,56.41,66.12,52.19,52.33,57.66,5.04,95.85
1090,90,2025-04-25,100,99.82,100,100,99.95,5.95,99.06
1091,91,2025-04-25,64.58,39.55,43.88,39.91,48.2,1.65,93.82
1092,92,2025-04-25,77.71,71.24,76.55,60.46,72.89,5.63,92.4
1093,93,2025-04-25,100,86.77,88.87,93.96,92.34,4.64,90.79
1094,94,2025-04-25,93.1,92.33,77.68,100,90.05,4.07,97.34
1095,95,2025-04-25,79.32,89.47,86.62,89.77,85.76,1.77,92.23
1096,96,2025-04-25,71.61,68.4,49.52,74.49,65.56,1.13,99.39
1097,97,2025-04-25,100,100,94.25,100,98.56,0.09,94.84
1098,98,2025-04-25,76.04,76.1,70.85,69.75,73.81,4.25,96.91
1099,99,2025-04-25,100,100,100,97.3,99.59,1.93,93.57
1100,100,2025-04-25,86.84,85.41,65.46,94.25,82.18,0.09,96.74
1101,101,2025-04-25,56.61,70.59,61.57,81.33,65.75,0.01,92.79
1102,102,2025-04-25,89.15,89.98,63.78,100,84.68,1.44,99.25
1103,103,2025-04-25,92.11,75.85,79.34,77.08,81.78,1.21,94.74
1104,104,2025-04-25,55.91,64.67,58.54,42.19,57.14,0.13,96.7
1105,105,2025-04-25,88.72,72.16,84.56,80.32,81.45,4.32,99.81
1106,106,2025-04-25,50.58,60.23,40.28,61.22,52.5,1.76,94.65
1107,107,2025-04-25,73.0,65.5,51.17,73.59,65.38,2.07,94.0
1108,108,2025-04-25,100,100,100,100,100.0,1.92,93.33
1109,109,2025-04-25,100,72.77,64.76,94.24,82.16,3.22,97.03
1110,110,2025-04-25,81.22,90.27,61.95,81.82,79.21,2.69,92.23
1111,111,2025-04-25,77.2,53.21,89.93,88.5,74.88,0.27,97.21
1112,112,2025-04-25,100,100,71.49,100,92.87,4.61,91.18
1113,113,2025-04-25,100,89.77,100,80.67,94.03,1.28,98.03
1114,114,2025-04-25,69.31,48.71,48.39,62.26,56.84,6.7,93.67
1115,115,2025-04-25,100,92.07,78.26,80.64,89.28,2.72,96.75
1116,116,2025-04-25,67.34,58.22,60.6,73.16,63.79,3.4,98.1
1117,117,2025-04-25,91.5,74.78,56.78,80.99,76.23,2.64,100
1118,118,2025-04-25,73.65,67.34,65.1,70.78,69.19,0.71,94.34
1119,119,2025-04-25,91.33,69.88,52.08,86.71,74.39,0.4,93.37
1120,120,2025-04-25,99.19,93.53,71.24,98.88,90.46,1.92,99.75
1121,121,2025-04-25,91.71,84.35,72.62,96.58,85.46,2.01,100
1122,122,2025-04-25,89.08,80.26,66.9,85.39,80.34,2.81,90.86
1123,123,2025-04-25,87.72,79.9,85.58,95.27,85.97,0.98,98.37
1124,124,2025-04-25,99.32,74.5,75.84,82.19,83.43,1.64,100
1125,125,2025-04-25,94.46,75.14,65.08,79.44,79.07,1.9,97.86
1126,126,2025-04-25,99.37,79.39,74.47,86.64,85.24,0.31,96.16
1127,127,2025-04-25,69.27,56.47,62.58,72.17,64.19,2.7,95.77
1128,128,2025-04-25,100,100,100,93.83,99.07,3.54,100
1129,129,2025-04-25,76.94,63.31,84.93,68.95,73.65,4.62,96.04
1130,130,2025-04-25,58.15,43.58,48.37,60.22,51.65,1.91,97.6
1131,131,2025-04-25,80.01,59.38,55.35,61.91,64.94,5.04,97.82
1132,132,2025-04-25,100,68.61,99.32,83.05,87.87,0.41,95.59
1133,133,2025-04-25,99.4,99.84,99.62,89.1,98.04,1.51,94.33
1134,134,2025-04-25,97.27,84.96,97.06,87.38,92.04,3.36,97.35
1135,135,2025-04-25,71.69,59.97,59.49,70.92,65.01,6.67,94.59
1136,136,2025-04-25,70.91,51.39,36.67,70.2,56.39,0.42,95.13
1137,137,2025-04-25,92.66,83.73,74.72,84.78,84.31,2.07,91.95
1138,138,2025-04-25,69.72,45.58,58.09,64.19,58.74,0.26,92.69
1139,139,2025-04-25,54.61,55.0,50.62,52.51,53.42,0.13,97.39
1140,140,2025-04-25,81.44,85.45,58.1,57.75,73.26,4.15,96.06
1141,141,2025-04-25,72.86,64.27,55.34,66.52,64.95,2.55,95.84
1142,142,2025-04-25,62.93,56.88,61.76,67.12,61.45,2.44,97.01
1143,143,2025-04-25,98.2,79.12,60.63,82.29,80.7,0.36,94.17
1144,144,2025-04-25,74.48,53.01,55.35,62.18,61.41,0.22,96.38
1145,145,2025-04-25,86.92,67.14,85.09,80.42,79.55,7.85,100
1146,146,2025-04-25,87.61,82.31,72.75,96.97,83.71,0.45,94.97
1147,147,2025-04-25,76.95,66.69,69.65,77.4,72.12,0.03,96.39
1148,148,2025-04-25,100,100,100,100,100.0,0.95,96.2
1149,149,2025-04-25,100,97.74,80.55,100,94.46,0.16,95.92
1150,150,2025-04-25,75.94,59.89,58.98,65.44,65.31,0.44,97.48
1151,151,2025-04-25,87.32,85.49,81.9,75.0,83.57,4.52,97.72
1152,152,2025-04-25,61.37,67.75,52.16,61.13,60.95,1.04,97.96
1153,153,2025-04-25,71.47,57.21,72.05,77.34,68.22,3.56,93.94
1154,154,2025-04-25,62.92,83.66,55.26,65.48,67.61,1.77,98.52
1155,155,2025-04-25,88.25,82.02,84.44,79.01,84.04,7.15,98.65
1156,156,2025-04-25,96.84,91.13,80.29,92.46,90.33,3.76,97.95
1157,157,2025-04-25,85.88,71.69,56.63,74.97,72.67,2.34,95.68
1158,158,2025-04-25,87.85,95.26,73.94,79.09,85.28,4.17,95.36
1159,159,2025-04-25,100,75.94,74.2,80.6,83.42,1.88,95.94
1160,160,2025-04-25,51.16,47.45,50.86,55.32,50.6,3.36,92.28
1161,161,2025-04-25,100,100,88.59,88.79,95.47,3.72,98.98
1162,162,2025-04-25,79.27,70.33,67.1,79.98,73.65,0.46,95.35
1163,163,2025-04-25,78.66,82.58,99.35,89.1,86.57,1.83,96.73
1164,164,2025-04-25,98.43,85.99,75.47,91.71,87.95,3.37,100
1165,165,2025-04-25,81.73,63.1,88.16,81.67,77.74,1.87,99.24
1166,166,2025-04-25,95.18,80.94,63.7,94.22,82.89,0.68,94.45
1167,167,2025-04-25,94.76,89.37,57.7,57.72,78.32,3.23,99.74
1168,168,2025-04-25,49.79,47.77,63.51,79.03,57.0,0.88,96.85
1169,169,2025-04-25,67.75,60.14,70.76,74.37,67.21,0.66,94.29
1170,170,2025-04-25,40.27,68.95,66.47,63.72,58.94,1.44,94.49
1171,171,2025-04-25,73.51,54.29,88.81,72.31,71.39,1.54,95.39
1172,172,2025-04-25,60.98,50.06,47.84,38.04,50.98,3.29,100
1173,173,2025-04-25,67.76,55.49,52.96,77.59,61.85,4.45,100
1174,174,2025-04-25,48.88,74.8,73.19,69.65,65.85,3.43,96.23
1175,175,2025-04-25,64.21,72.44,47.76,67.71,63.09,0.2,94.39
1176,176,2025-04-25,88.15,38.12,69.07,58.68,63.95,0.92,94.04
1177,177,2025-04-25,100,100,96.58,96.41,98.61,3.75,100
1178,178,2025-04-25,100,91.05,100,100,97.31,4.17,90.48
1179,179,2025-04-25,75.61,63.55,54.9,85.46,68.29,1.29,97.15
1180,180,2025-04-25,59.79,72.28,80.11,66.26,69.59,1.18,93.68
1181,181,2025-04-25,55.98,48.31,50.21,69.17,54.21,0.06,96.87
1182,182,2025-04-25,54.43,60.49,75.8,76.51,64.9,0.64,99.85
1183,183,2025-04-25,67.67,65.27,55.19,67.51,63.8,0.32,98.16
1184,184,2025-04-25,74.38,86.27,64.13,82.86,76.66,3.0,98.27
1185,185,2025-04-25,69.91,75.5,57.5,39.79,63.97,5.87,92.62
1186,186,2025-04-25,78.63,69.58,60.71,35.51,64.97,1.78,96.27
1187,187,2025-04-25,86.26,87.41,69.43,79.66,81.41,1.86,96.86
1188,188,2025-04-25,58.2,54.92,59.77,58.52,57.65,0.89,96.55
1189,189,2025-04-25,78.52,64.98,51.65,67.14,66.03,6.85,94.12
1190,190,2025-04-25,74.52,86.0,47.85,80.26,72.16,4.25,94.91
1191,191,2025-04-25,85.0,70.93,61.82,88.17,75.46,0.61,97.59
1192,192,2025-04-25,74.81,77.14,67.71,67.1,72.58,1.62,94.02
1193,193,2025-04-25,73.37,67.7,68.74,82.77,71.92,3.64,95.21
1194,194,2025-04-25,68.24,87.16,64.87,82.68,75.24,3.3,91.09
1195,195,2025-04-25,82.81,85.15,93.48,73.38,84.76,0.85,93.46
1196,196,2025-04-25,91.35,64.67,70.79,100,79.5,4.67,95.41
1197,197,2025-04-25,86.73,87.56,87.78,80.59,86.32,1.47,94.3
1198,198,2025-04-25,44.88,67.04,39.83,66.9,53.57,4.84,99.6
1199,199,2025-04-25,96.08,78.22,84.61,100,88.44,6.36,96.27
1200,200,2025-04-25,56.05,56.98,53.73,72.97,58.29,0.37,92.8
1201,1,2025-07-24,75.13,80.77,69.15,83.66,76.61,2.83,98.44
1202,2,2025-07-24,76.59,58.31,55.93,64.66,64.15,2.35,99.16
1203,3,2025-07-24,99.73,83.08,56.77,73.32,80.03,0.84,99.27
1204,4,2025-07-24,68.5,61.97,45.16,62.68,59.83,2.8,94.32
1205,5,2025-07-24,98.71,90.15,99.3,84.13,94.1,4.73,94.34
1206,6,2025-07-24,78.64,85.44,73.48,100,82.59,1.09,97.44
1207,7,2025-07-24,65.07,52.14,58.78,52.55,57.74,8.12,90.33
1208,8,2025-07-24,82.22,74.88,100,77.69,83.78,3.2,88.61
1209,9,2025-07-24,72.94,82.75,52.91,81.38,72.14,1.69,90.33
1210,10,2025-07-24,79.78,79.89,77.83,58.39,76.12,3.48,92.18
1211,11,2025-07-24,100,100,100,100,100.0,1.1,97.91
1212,12,2025-07-24,97.54,89.92,100,86.65,94.24,0.53,93.0
1213,13,2025-07-24,79.85,77.13,57.18,56.54,69.87,4.2,96.39
1214,14,2025-07-24,98.51,88.04,96.87,56.97,88.73,1.34,94.69
1215,15,2025-07-24,96.48,73.38,70.89,81.98,80.98,2.09,97.78
1216,16,2025-07-24,90.85,90.68,72.73,100,87.64,7.03,96.75
1217,17,2025-07-24,100,100,100,100,100.0,2.42,100
1218,18,2025-07-24,61.04,52.79,37.24,75.09,54.72,1.21,98.47
1219,19,2025-07-24,100,95.72,100,100,98.72,5.79,97.17
1220,20,2025-07-24,73.22,61.04,39.69,81.74,62.46,5.85,99.33
1221,21,2025-07-24,96.35,90.39,84.01,100,92.02,2.78,92.32
1222,22,2025-07-24,65.05,68.95,74.7,79.88,70.86,0.78,98.57
1223,23,2025-07-24,53.1,63.71,64.7,75.64,62.57,3.43,95.17
1224,24,2025-07-24,52.07,51.34,30,40.55,44.61,0.14,97.29
1225,25,2025-07-24,100,87.86,100,81.86,93.64,3.63,94.21
1226,26,2025-07-24,63.19,67.99,50.4,66.32,61.9,1.11,92.56
1227,27,2025-07-24,86.36,58.5,66.75,66.95,70.19,0.03,98.57
1228,28,2025-07-24,96.12,97.83,76.83,96.44,91.86,1.0,94.11
1229,29,2025-07-24,59.85,55.79,56.3,48.69,56.07,3.76,93.0
1230,30,2025-07-24,84.38,87.31,76.83,77.89,82.4,0.74,96.51
1231,31,2025-07-24,100,100,82.91,92.64,94.63,0.68,95.79
1232,32,2025-07-24,99.48,74.66,85.82,95.77,88.06,2.13,96.27
1233,33,2025-07-24,88.9,96.71,83.61,92.11,90.4,0.73,98.55
1234,34,2025-07-24,72.79,44.31,60.7,69.09,60.67,1.03,95.16
1235,35,2025-07-24,86.08,88.78,76.14,79.82,83.47,5.99,99.58
1236,36,2025-07-24,79.3,83.09,95.68,93.21,86.62,1.65,97.81
1237,37,2025-07-24,91.55,68.18,70.46,73.86,76.61,0.22,96.9
1238,38,2025-07-24,74.01,92.56,64.01,70.14,76.49,2.65,91.46
1239,39,2025-07-24,84.63,80.14,65.52,75.93,77.2,0.04,93.27
1240,40,2025-07-24,76.02,46.19,57.14,67.6,61.09,2.8,97.28
1241,41,2025-07-24,37.6,32.94,30,30,33.16,2.26,97.73
1242,42,2025-07-24,72.47,82.62,50.31,75.9,70.49,3.4,100
1243,43,2025-07-24,80.78,66.14,96.2,97.53,82.75,5.36,94.45
1244,44,2025-07-24,83.76,85.39,81.44,89.11,84.47,8.74,91.63
1245,45,2025-07-24,79.64,64.3,51.93,79.8,68.13,1.13,97.78
1246,46,2025-07-24,100,99.73,85.02,100,96.17,3.4,95.03
1247,47,2025-07-24,96.44,80.04,61.41,90.67,81.89,1.58,99.84
1248,48,2025-07-24,72.71,78.62,77.28,72.39,75.58,4.82,97.32
1249,49,2025-07-24,72.58,72.85,63.53,54.16,67.64,2.78,99.12
1250,50,2025-07-24,54.08,60.24,32.54,46.69,49.43,1.74,95.43
1251,51,2025-07-24,66.58,56.52,46.3,60.36,57.56,0.95,94.57
1252,52,2025-07-24,56.17,46.93,67.03,37.93,53.38,0.8,98.54
1253,53,2025-07-24,68.41,81.63,73.81,87.28,76.56,5.19,93.99
1254,54,2025-07-24,68.79,80.19,40.73,48.78,62.2,2.69,99.69
1255,55,2025-07-24,72.96,84.5,69.48,76.49,76.08,0.79,100
1256,56,2025-07-24,100,100,99.23,100,99.81,1.34,97.27
1257,57,2025-07-24,50.29,54.28,55.16,59.18,54.04,4.33,92.74
1258,58,2025-07-24,68.63,79.94,42.03,64.69,64.78,3.51,100
1259,59,2025-07-24,39.15,45.96,56.7,59.31,48.61,2.34,94.58
1260,60,2025-07-24,58.15,53.54,46.91,56.8,53.75,5.1,96.11
1261,61,2025-07-24,84.58,100,52.57,71.4,79.23,5.15,100
1262,62,2025-07-24,75.7,59.73,82.49,72.51,72.13,5.09,94.07
1263,63,2025-07-24,69.77,60.33,48.04,65.36,60.84,2.94,95.87
1264,64,2025-07-24,94.8,95.84,69.81,68.69,84.95,5.45,92.26
1265,65,2025-07-24,99.69,93.81,94.11,100,96.58,4.48,96.63
1266,66,2025-07-24,75.37,69.58,62.47,60.24,68.14,2.92,95.58
1267,67,2025-07-24,100,98.89,90.76,90.46,95.93,4.51,94.67
1268,68,2025-07-24,83.78,70.55,58.78,80.6,73.08,2.26,96.91
1269,69,2025-07-24,81.49,72.57,68.3,74.74,74.51,0.44,96.73
1270,70,2025-07-24,53.27,51.84,60.62,72.09,57.5,3.9,93.46
1271,71,2025-07-24,100,96.93,90.79,97.54,96.41,3.07,95.19
1272,72,2025-07-24,66.34,76.78,55.18,69.09,67.09,3.4,99.35
1273,73,2025-07-24,100,92.34,90.89,99.81,95.4,3.35,93.33
1274,74,2025-07-24,81.29,84.63,67.12,80.48,78.63,3.78,97.67
1275,75,2025-07-24,61.41,63.52,70.83,60.77,64.3,2.34,93.38
1276,76,2025-07-24,79.97,52.44,43.19,75.36,61.83,3.43,91.4
1277,77,2025-07-24,81.08,55.93,46.85,57.68,61.47,1.52,95.74
1278,78,2025-07-24,60.0,67.15,60.07,68.92,63.5,0.88,98.55
1279,79,2025-07-24,69.32,55.35,52.16,53.47,58.46,5.74,97.87
1280,80,2025-07-24,97.94,100,69.34,82.93,89.16,0.24,96.53
1281,81,2025-07-24,59.09,62.91,66.91,76.77,64.84,3.17,95.37
1282,82,2025-07-24,93.26,100,100,100,97.98,5.88,96.52
1283,83,2025-07-24,89.18,61.95,59.17,88.45,73.4,0.8,92.38
1284,84,2025-07-24,73.71,68.54,85.36,66.27,73.95,2.84,95.95
1285,85,2025-07-24,60.26,60.88,72.15,54.64,62.57,1.57,93.5
1286,86,2025-07-24,86.56,63.42,69.74,73.27,73.42,0.4,94.62
1287,87,2025-07-24,66.76,57.76,43.93,65.74,58.2,2.55,89.18
1288,88,2025-07-24,78.78,90.75,63.08,74.52,77.81,0.44,94.59
1289,89,2025-07-24,90.4,82.38,77.86,94.82,85.52,0.91,97.79
1290,90,2025-07-24,77.38,66.09,69.12,77.71,71.98,1.39,96.81
1291,91,2025-07-24,89.75,73.77,70.7,100,81.73,0.19,93.42
1292,92,2025-07-24,95.43,95.99,82.64,69.93,88.58,0.12,96.23
1293,93,2025-07-24,100,89.22,98.15,81.46,93.52,1.14,94.02
1294,94,2025-07-24,81.75,64.27,53.21,68.4,67.37,2.75,98.89
1295,95,2025-07-24,68.19,68.84,68.3,91.24,71.87,3.67,98.66
1296,96,2025-07-24,100,100,100,100,100.0,1.52,94.07
1297,97,2025-07-24,67.75,78.72,45.42,76.43,66.76,0.39,94.35
1298,98,2025-07-24,82.83,74.46,96.31,93.23,85.25,1.76,95.46
1299,99,2025-07-24,90.45,55.56,68.23,68.49,71.13,7.27,93.41
1300,100,2025-07-24,95.49,89.05,86.99,86.53,90.09,3.07,100
1301,101,2025-07-24,74.46,62.08,37.48,56.26,58.77,3.39,93.28
1302,102,2025-07-24,92.0,90.03,85.88,84.39,88.74,4.46,95.27
1303,103,2025-07-24,78.14,66.13,66.58,73.71,70.98,2.46,96.64
1304,104,2025-07-24,76.94,65.94,65.82,58.74,68.13,0.6,91.8
1305,105,2025-07-24,59.59,53.99,54.85,74.34,58.94,4.74,92.86
1306,106,2025-07-24,87.01,82.07,94.57,77.03,85.92,4.36,98.59
1307,107,2025-07-24,90.63,83.92,62.56,65.57,77.84,1.46,89.96
1308,108,2025-07-24,89.88,100,61.65,93.07,86.34,1.1,98.66
1309,109,2025-07-24,99.81,70.56,71.57,67.15,79.08,1.12,100
1310,110,2025-07-24,37.19,31.44,60.28,63.39,45.17,0.39,94.27
1311,111,2025-07-24,66.94,75.12,55.74,52.98,64.5,3.11,93.73
1312,112,2025-07-24,79.7,88.98,85.9,78.46,83.85,1.5,93.15
1313,113,2025-07-24,100,97.46,60.17,100,89.28,2.02,92.48
1314,114,2025-07-24,52.69,58.86,63.46,44.98,56.08,1.73,89.12
1315,115,2025-07-24,77.73,74.67,52.21,49.31,66.17,1.71,99.73
1316,116,2025-07-24,53.08,59.94,52.96,43.29,53.64,3.17,96.93
1317,117,2025-07-24,59.77,71.5,47.77,59.88,60.31,0.31,90.32
1318,118,2025-07-24,63.75,68.56,42.91,55.76,58.79,0.02,98.11
1319,119,2025-07-24,61.99,64.19,61.82,62.19,62.64,2.27,97.03
1320,120,2025-07-24,80.01,58.55,58.51,68.73,66.51,4.61,97.37
1321,121,2025-07-24,85.13,77.81,67.77,76.69,77.33,3.78,97.44
1322,122,2025-07-24,78.26,89.79,76.61,77.13,81.14,2.12,94.01
1323,123,2025-07-24,99.61,73.32,61.51,78.87,79.09,2.11,96.18
1324,124,2025-07-24,68.28,80.65,77.0,74.46,75.1,3.55,97.35
1325,125,2025-07-24,66.54,61.07,47.94,65.3,60.06,3.19,94.92
1326,126,2025-07-24,93.12,87.93,82.25,100,89.88,3.89,95.82
1327,127,2025-07-24,93.14,80.13,81.64,99.99,87.39,3.76,90.9
1328,128,2025-07-24,66.77,80.1,54.35,70.53,68.23,0.97,89.46
1329,129,2025-07-24,71.75,62.08,83.41,63.61,70.54,3.5,99.28
1330,130,2025-07-24,100,75.71,100,100,92.71,2.41,99.25
1331,131,2025-07-24,43.19,60.18,42.01,31.11,46.18,4.81,100
1332,132,2025-07-24,74.03,73.77,61.68,77.48,71.38,2.0,97.33
1333,133,2025-07-24,59.81,58.2,38.42,64.59,54.7,3.69,98.97
1334,134,2025-07-24,93.02,77.48,79.85,67.9,81.3,3.16,96.77
1335,135,2025-07-24,94.84,70.38,74.31,93.32,82.14,2.42,96.02
1336,136,2025-07-24,62.13,41.63,59.79,55.9,54.46,2.79,90.79
1337,137,2025-07-24,92.42,100,79.09,78.57,89.29,0.85,96.48
1338,138,2025-07-24,91.36,74.13,78.5,85.77,82.13,2.14,95.32
1339,139,2025-07-24,71.83,92.91,81.46,80.98,81.93,3.03,94.54
1340,140,2025-07-24,74.73,67.4,66.7,78.7,71.12,6.86,98.41
1341,141,2025-07-24,76.07,66.55,66.77,53.51,67.5,2.13,99.33
1342,142,2025-07-24,80.86,65.05,72.73,77.08,73.52,0.53,94.03
1343,143,2025-07-24,88.48,66.52,68.31,67.19,73.66,0.52,87.31
1344,144,2025-07-24,49.81,55.09,38.53,34.54,46.28,0.98,96.02
1345,145,2025-07-24,100,100,88.52,100,97.13,0.9,100
1346,146,2025-07-24,43.92,49.79,45.33,38.25,45.18,1.2,96.55
1347,147,2025-07-24,88.58,85.76,78.58,75.41,83.26,1.01,97.66
1348,148,2025-07-24,71.22,71.72,48.65,63.11,64.51,6.17,95.29
1349,149,2025-07-24,89.33,85.48,62.45,78.85,79.88,2.54,95.97
1350,150,2025-07-24,80.36,69.08,82.62,84.87,78.22,2.42,100
1351,151,2025-07-24,79.02,68.92,61.78,57.41,68.44,5.06,91.86
1352,152,2025-07-24,61.97,58.01,47.89,34.76,53.18,2.07,97.67
1353,153,2025-07-24,100,100,96.88,91.22,97.9,3.89,98.11
1354,154,2025-07-24,54.82,44.2,32.15,50.39,45.3,4.37,94.18
1355,155,2025-07-24,60.39,58.49,30,50.03,50.67,1.69,95.61
1356,156,2025-07-24,57.93,72.81,61.35,82.14,66.88,3.56,96.17
1357,157,2025-07-24,75.93,61.03,31.08,63.56,58.39,0.29,96.92
1358,158,2025-07-24,100,100,99.74,100,99.93,2.2,94.63
1359,159,2025-07-24,91.05,80.82,63.6,68.5,77.74,4.28,100
1360,160,2025-07-24,70.27,68.9,56.99,55.72,64.36,0.12,95.42
1361,161,2025-07-24,79.52,86.58,64.33,91.31,79.61,0.51,94.64
1362,162,2025-07-24,56.6,71.41,58.6,52.68,60.95,0.34,96.54
1363,163,2025-07-24,66.97,60.25,38.14,50.5,55.28,2.96,92.96
1364,164,2025-07-24,56.8,58.08,56.52,56.96,57.14,1.13,93.59
1365,165,2025-07-24,77.13,50.19,61.3,68.11,63.74,3.93,100
1366,166,2025-07-24,93.73,100,80.97,90.29,91.91,2.87,94.15
1367,167,2025-07-24,91.15,56.87,67.22,88.18,74.44,0.81,95.43
1368,168,2025-07-24,77.52,60.38,62.26,87.63,70.08,0.79,94.99
1369,169,2025-07-24,64.19,31.67,48.98,61.88,50.28,0.67,100
1370,170,2025-07-24,100,100,100,100,100.0,0.48,96.05
1371,171,2025-07-24,100,97.13,81.37,86.25,92.42,1.43,96.78
1372,172,2025-07-24,99.99,100,98.88,100,99.72,2.13,98.02
1373,173,2025-07-24,75.22,69.07,65.37,69.37,70.03,2.42,92.02
1374,174,2025-07-24,100,100,97.97,100,99.49,0.58,93.55
1375,175,2025-07-24,89.39,67.91,79.03,79.59,78.89,0.89,93.86
1376,176,2025-07-24,52.55,45.59,46.96,49.42,48.59,0.28,95.87
1377,177,2025-07-24,41.66,51.56,55.88,66.05,51.84,2.7,91.99
1378,178,2025-07-24,55.83,57.63,34.36,52.61,50.52,1.63,96.03
1379,179,2025-07-24,91.09,85.58,62.72,75.24,79.97,5.42,92.2
1380,180,2025-07-24,84.02,79.16,52.23,64.78,71.73,1.13,100
1381,181,2025-07-24,96.31,83.84,84.47,89.81,88.63,0.09,92.77
1382,182,2025-07-24,92.71,86.91,100,100,93.89,1.66,92.92
1383,183,2025-07-24,100,94.62,77.1,99.17,92.54,2.92,95.27
1384,184,2025-07-24,64.75,86.03,74.58,72.2,74.71,0.12,97.26
1385,185,2025-07-24,69.57,48.26,61.39,60.51,59.77,1.47,100
1386,186,2025-07-24,78.83,83.83,64.82,59.51,73.93,0.4,95.91
1387,187,2025-07-24,90.82,89.83,58.07,72.2,79.54,0.35,99.46
1388,188,2025-07-24,79.02,68.98,83.28,86.17,78.14,0.2,94.0
1389,189,2025-07-24,100,100,76.35,94.34,93.24,2.93,96.31
1390,190,2025-07-24,85.98,87.14,71.26,76.04,81.16,3.72,91.57
1391,191,2025-07-24,60.78,58.84,42.3,56.79,54.98,1.04,95.01
1392,192,2025-07-24,82.19,83.65,56.03,65.44,73.57,2.42,95.49
1393,193,2025-07-24,82.59,75.9,36.24,53.44,64.62,0.6,93.81
1394,194,2025-07-24,60.41,59.37,55.92,36.45,55.38,2.19,93.1
1395,195,2025-07-24,58.52,42.94,44.14,49.25,48.86,2.78,97.2
1396,196,2025-07-24,76.48,95.42,70.65,85.7,82.09,0.48,95.49
1397,197,2025-07-24,100,94.93,78.08,100,93.0,1.3,91.88
1398,198,2025-07-24,77.02,80.07,62.7,80.29,74.85,1.8,91.34
1399,199,2025-07-24,62.17,84.05,51.38,75.8,68.08,1.14,93.5
1400,200,2025-07-24,100,100,100,100,100.0,1.01,95.88
1401,1,2025-10-22,76.0,74.91,79.73,87.93,78.4,3.82,95.64
1402,2,2025-10-22,100,86.72,73.91,79.18,86.37,1.87,89.38
1403,3,2025-10-22,70.38,80.34,77.01,55.68,72.82,3.64,100
1404,4,2025-10-22,98.48,94.82,73.44,88.91,89.69,4.6,93.99
1405,5,2025-10-22,98.16,81.44,68.35,85.2,83.75,3.55,96.95
1406,6,2025-10-22,100,100,91.96,100,97.99,2.12,90.71
1407,7,2025-10-22,61.57,58.44,62.59,59.24,60.54,3.47,98.91
1408,8,2025-10-22,87.92,69.09,61.14,59.4,71.3,3.65,95.32
1409,9,2025-10-22,88.4,98.47,100,100,96.06,0.97,99.06
1410,10,2025-10-22,97.96,73.04,66.29,94.86,82.1,3.5,96.35
1411,11,2025-10-22,79.64,73.32,54.49,63.13,68.98,4.91,92.93
1412,12,2025-10-22,100,100,95.91,100,98.98,6.06,95.88
1413,13,2025-10-22,83.6,80.25,63.98,59.05,74.0,2.3,99.6
1414,14,2025-10-22,63.67,58.63,56.85,69.44,61.32,2.74,97.99
1415,15,2025-10-22,93.8,81.8,66.46,81.96,81.59,6.94,97.64
1416,16,2025-10-22,86.37,70.2,76.05,72.19,76.81,8.01,95.91
1417,17,2025-10-22,78.71,73.66,72.65,76.95,75.42,0.41,95.66
1418,18,2025-10-22,87.39,88.44,97.64,100,92.16,7.06,94.69
1419,19,2025-10-22,81.56,64.72,93.64,81.96,79.59,1.89,94.34
1420,20,2025-10-22,100,81.34,71.89,83.61,84.91,0.59,91.89
1421,21,2025-10-22,82.44,57.24,67.51,76.86,70.31,5.88,98.37
1422,22,2025-10-22,92.75,100,84.2,75.2,90.15,1.48,92.87
1423,23,2025-10-22,94.08,96.49,75.68,97.14,90.66,0.32,100
1424,24,2025-10-22,71.06,70.76,46.19,61.63,63.34,0.83,92.21
1425,25,2025-10-22,69.17,63.58,75.96,88.0,72.01,9.44,90.69
1426,26,2025-10-22,94.36,50.56,52.01,83.98,69.08,2.58,94.4
1427,27,2025-10-22,78.31,86.08,52.67,80.29,74.53,3.61,92.33
1428,28,2025-10-22,78.52,83.82,96.93,93.66,86.98,2.41,92.84
1429,29,2025-10-22,80.16,82.57,64.09,66.65,74.84,0.93,95.33
1430,30,2025-10-22,92.52,89.04,67.46,65.39,81.14,2.82,94.68
1431,31,2025-10-22,60.82,84.17,72.11,68.7,71.83,2.57,96.86
1432,32,2025-10-22,81.08,77.93,50.36,86.51,73.27,0.23,89.32
1433,33,2025-10-22,66.57,74.21,62.33,84.32,70.46,1.42,97.77
1434,34,2025-10-22,72.5,66.97,64.34,66.11,67.84,0.76,91.03
1435,35,2025-10-22,89.75,65.98,72.39,84.02,77.42,5.42,90.37
1436,36,2025-10-22,100,97.6,69.41,93.85,90.71,3.07,98.85
1437,37,2025-10-22,93.41,78.4,66.11,99.2,82.95,0.13,100
1438,38,2025-10-22,70.16,59.75,64.92,78.55,66.99,1.61,94.38
1439,39,2025-10-22,71.17,84.97,46.41,86.73,71.45,1.48,100
1440,40,2025-10-22,91.6,89.01,85.76,92.59,89.51,2.72,94.54
1441,41,2025-10-22,68.77,77.85,72.08,74.28,73.15,1.79,94.18
1442,42,2025-10-22,80.55,79.09,62.45,100,78.51,0.27,92.65
1443,43,2025-10-22,50.94,37.99,46.56,47.09,45.38,0.05,98.74
1444,44,2025-10-22,65.21,75.41,60.3,65.82,67.13,5.17,97.64
1445,45,2025-10-22,82.28,75.83,83.97,75.76,79.79,2.13,95.32
1446,46,2025-10-22,100,95.02,74.44,96.35,91.57,0.55,93.96
1447,47,2025-10-22,73.36,65.33,62.25,67.5,67.3,4.08,93.8
1448,48,2025-10-22,63.01,65.1,60.55,52.45,61.44,0.14,99.83
1449,49,2025-10-22,84.71,79.05,66.49,81.46,77.97,6.58,91.55
1450,50,2025-10-22,99.94,94.26,76.34,92.06,91.16,2.33,93.4
1451,51,2025-10-22,100,100,99.03,100,99.76,1.71,96.62
1452,52,2025-10-22,78.96,73.42,69.57,75.34,74.41,0.57,93.96
1453,53,2025-10-22,52.7,70.78,58.52,82.63,64.07,6.3,99.68
1454,54,2025-10-22,66.68,91.39,40.22,64.92,67.22,4.7,97.16
1455,55,2025-10-22,95.56,90.4,96.38,93.08,93.84,2.7,91.92
1456,56,2025-10-22,78.94,87.7,65.73,71.85,77.2,1.23,96.24
1457,57,2025-10-22,83.17,63.66,73.27,84.65,75.06,0.08,91.35
1458,58,2025-10-22,91.04,100,69.6,100,89.71,1.44,96.63
1459,59,2025-10-22,69.21,68.12,52.43,68.1,64.52,0.02,90.83
1460,60,2025-10-22,65.03,61.29,58.79,66.3,62.54,0.46,92.19
1461,61,2025-10-22,100,82.63,80.77,99.01,89.83,4.13,91.39
1462,62,2025-10-22,72.51,45.89,60.1,50.33,58.09,4.01,97.63
1463,63,2025-10-22,100,93.79,100,100,98.14,0.96,95.75
1464,64,2025-10-22,86.88,100,59.15,100,85.85,3.01,92.17
1465,65,2025-10-22,81.78,96.7,67.3,66.09,80.28,2.23,98.21
1466,66,2025-10-22,89.37,68.34,74.8,89.5,79.44,1.49,94.74
1467,67,2025-10-22,62.98,66.48,67.66,78.73,67.56,1.66,100
1468,68,2025-10-22,52.33,45.72,60.94,61.28,53.84,0.39,96.56
1469,69,2025-10-22,68.71,51.44,46.7,73.41,58.73,5.02,96.78
1470,70,2025-10-22,92.22,69.1,86.93,83.35,82.63,3.97,97.65
1471,71,2025-10-22,92.78,82.35,100,75.74,88.9,2.67,96.61
1472,72,2025-10-22,83.15,75.11,81.4,87.63,80.97,1.86,95.46
1473,73,2025-10-22,68.13,68.14,78.65,65.51,70.37,1.24,89.79
1474,74,2025-10-22,79.81,77.79,64.47,62.69,72.8,2.52,93.58
1475,75,2025-10-22,96.72,75.99,61.67,63.44,76.75,1.51,100
1476,76,2025-10-22,70.01,74.29,59.32,63.67,67.67,1.7,94.97
1477,77,2025-10-22,87.74,74.2,91.95,85.46,84.39,0.15,92.69
1478,78,2025-10-22,75.86,74.97,73.16,81.72,75.79,0.75,98.29
1479,79,2025-10-22,72.03,63.97,59.76,77.86,67.42,3.25,98.32
1480,80,2025-10-22,65.86,69.54,68.72,61.52,67.03,4.41,100
1481,81,2025-10-22,83.81,52.39,47.0,83.25,65.1,1.73,94.82
1482,82,2025-10-22,74.13,67.27,59.74,85.09,70.12,0.49,93.14
1483,83,2025-10-22,85.06,89.11,75.62,60.24,80.19,0.07,90.87
1484,84,2025-10-22,83.38,86.86,65.01,83.5,79.85,2.18,90.81
1485,85,2025-10-22,90.75,100,99.77,94.54,96.35,0.01,96.03
1486,86,2025-10-22,54.84,61.9,64.19,58.33,59.82,0.72,94.97
1487,87,2025-10-22,96.85,94.66,86.46,80.78,91.18,2.69,95.3
1488,88,2025-10-22,76.41,44.95,60.19,71.99,62.26,0.4,95.16
1489,89,2025-10-22,100,100,97.84,89.66,97.91,1.63,95.23
1490,90,2025-10-22,81.84,70.69,95.04,82.76,81.93,0.99,99.43
1491,91,2025-10-22,100,75.69,74.01,81.22,83.39,2.53,96.94
1492,92,2025-10-22,57.04,43.34,49.78,55.49,50.88,1.72,100
1493,93,2025-10-22,97.27,73.63,52.52,79.9,76.39,1.15,95.51
1494,94,2025-10-22,82.28,73.63,65.19,76.26,74.51,2.8,98.44
1495,95,2025-10-22,79.55,71.62,42.37,60.13,64.96,0.37,97.01
1496,96,2025-10-22,54.13,62.27,41.91,65.25,55.19,0.41,94.92
1497,97,2025-10-22,87.34,70.87,76.68,72.48,77.5,2.28,93.49
1498,98,2025-10-22,100,100,100,100,100.0,0.69,94.84
1499,99,2025-10-22,95.92,76.24,62.09,77.05,78.73,4.17,97.13
1500,100,2025-10-22,63.31,61.64,46.6,67.72,59.29,3.47,92.05
1501,101,2025-10-22,61.46,57.8,30,39.84,49.25,1.84,97.45
1502,102,2025-10-22,75.68,52.12,35.67,50.01,54.76,3.12,94.08
1503,103,2025-10-22,83.34,90.6,82.75,80.06,84.88,2.38,100
1504,104,2025-10-22,92.31,100,79.67,100,92.61,2.21,100
1505,105,2025-10-22,70.03,87.65,67.76,63.85,73.82,3.01,95.62
1506,106,2025-10-22,58.52,30.68,52.38,37.17,45.43,2.23,93.97
1507,107,2025-10-22,67.97,74.37,78.52,63.92,71.92,2.28,93.18
1508,108,2025-10-22,97.04,82.14,95.09,94.88,91.76,0.93,96.01
1509,109,2025-10-22,100,100,100,100,100.0,2.31,95.98
1510,110,2025-10-22,74.56,62.83,58.72,91.99,69.69,2.87,99.64
1511,111,2025-10-22,77.35,82.22,68.63,74.0,76.13,3.28,97.52
1512,112,2025-10-22,38.84,30,48.15,44.63,39.38,0.81,100
1513,113,2025-10-22,78.22,88.08,52.99,72.74,74.05,0.74,98.3
1514,114,2025-10-22,83.63,72.68,86.26,100,83.46,3.44,98.38
1515,115,2025-10-22,100,79.11,95.1,80.16,89.53,1.78,95.16
1516,116,2025-10-22,73.89,61.12,73.39,66.01,68.75,0.32,97.28
1517,117,2025-10-22,71.65,79.75,52.25,67.6,68.62,2.68,96.91
1518,118,2025-10-22,85.88,80.26,80.09,91.37,83.57,2.07,99.17
1519,119,2025-10-22,100,89.7,77.59,100,91.31,6.51,96.09
1520,120,2025-10-22,64.76,55.68,79.3,65.77,65.82,0.96,96.08
1521,121,2025-10-22,82.19,72.05,77.45,81.21,77.82,2.45,100
1522,122,2025-10-22,97.99,100,80.42,93.35,93.5,3.4,100
1523,123,2025-10-22,50.01,66.48,39.48,35.44,50.13,3.54,94.37
1524,124,2025-10-22,90.67,76.41,62.75,70.43,76.38,1.08,96.74
1525,125,2025-10-22,68.68,51.89,58.36,59.38,59.67,7.35,93.93
1526,126,2025-10-22,95.12,96.76,88.51,86.34,92.64,1.65,97.78
1527,127,2025-10-22,76.9,72.86,65.24,66.04,71.14,5.6,95.62
1528,128,2025-10-22,93.0,81.24,83.58,85.0,85.92,3.02,93.5
1529,129,2025-10-22,74.05,61.02,74.3,59.38,68.0,0.59,95.34
1530,130,2025-10-22,88.16,81.03,81.09,88.28,84.27,1.77,98.41
1531,131,2025-10-22,70.46,73.88,54.41,84.71,69.61,7.83,96.34
1532,132,2025-10-22,71.98,62.35,48.47,79.76,64.38,2.86,99.57
1533,133,2025-10-22,74.23,76.0,78.82,92.81,78.69,1.19,96.11
1534,134,2025-10-22,95.25,78.18,74.97,72.28,81.61,0.77,93.45
1535,135,2025-10-22,76.67,78.9,33.63,71.11,65.74,4.34,94.85
1536,136,2025-10-22,97.8,69.07,93.2,80.22,85.4,0.34,95.71
1537,137,2025-10-22,61.12,61.6,66.25,62.88,62.81,0.41,91.2
1538,138,2025-10-22,100,97.67,93.26,100,97.62,1.03,90.11
1539,139,2025-10-22,95.47,88.18,83.17,91.58,89.62,2.26,90.03
1540,140,2025-10-22,75.77,66.55,60.16,92.94,71.68,0.63,94.52
1541,141,2025-10-22,94.43,100,71.83,100,91.28,2.32,97.49
1542,142,2025-10-22,82.79,75.21,52.1,88.33,73.67,2.42,100
1543,143,2025-10-22,80.36,75.19,69.41,65.62,73.86,2.1,96.39
1544,144,2025-10-22,92.83,100,96.17,81.34,94.09,4.43,96.41
1545,145,2025-10-22,100,100,86.43,99.39,96.52,0.96,99.69
1546,146,2025-10-22,94.77,86.0,91.13,84.97,89.76,2.46,100
1547,147,2025-10-22,93.48,97.38,100,100,97.26,2.25,97.14
1548,148,2025-10-22,66.54,63.05,38.16,66.22,58.35,0.86,97.55
1549,149,2025-10-22,95.41,100,100,90.55,97.21,4.85,97.55
1550,150,2025-10-22,76.81,88.38,64.01,84.58,78.25,1.4,100
1551,151,2025-10-22,79.66,66.88,83.15,94.28,78.89,4.75,95.25
1552,152,2025-10-22,90.25,73.65,90.54,83.64,84.35,2.74,94.71
1553,153,2025-10-22,64.65,57.13,42.72,81.86,59.49,0.38,98.53
1554,154,2025-10-22,51.76,34.54,47.74,36.68,43.33,6.21,99.44
1555,155,2025-10-22,73.46,71.64,50.16,53.39,64.08,2.41,96.84
1556,156,2025-10-22,78.97,56.56,59.15,47.37,62.55,0.79,94.89
1557,157,2025-10-22,93.89,100,87.38,100,95.01,3.25,98.59
1558,158,2025-10-22,64.03,59.05,59.52,61.75,61.07,8.71,96.17
1559,159,2025-10-22,79.06,83.77,72.49,77.05,78.53,1.11,95.52
1560,160,2025-10-22,92.97,75.94,69.02,84.85,80.66,3.35,92.22
1561,161,2025-10-22,100,100,85.89,100,96.47,5.91,96.65
1562,162,2025-10-22,97.29,75.83,99.85,66.34,86.85,1.3,93.67
1563,163,2025-10-22,52.75,71.86,82.47,93.47,72.02,4.46,97.87
1564,164,2025-10-22,85.84,56.66,85.54,61.04,73.29,1.24,96.28
1565,165,2025-10-22,46.16,45.08,30,30,39.37,1.03,100
1566,166,2025-10-22,88.09,89.75,78.73,85.83,85.91,4.41,100
1567,167,2025-10-22,87.13,77.79,90.04,78.72,83.8,2.76,93.02
1568,168,2025-10-22,75.16,81.44,64.86,76.41,74.66,3.87,94.34
1569,169,2025-10-22,60.58,33.61,53.64,44.88,48.4,0.21,92.56
1570,170,2025-10-22,76.56,67.04,68.62,87.87,73.42,0.78,100
1571,171,2025-10-22,93.12,86.77,62.62,89.37,83.03,4.1,97.96
1572,172,2025-10-22,63.04,71.85,37.72,66.14,59.82,3.13,89.96
1573,173,2025-10-22,98.59,74.62,81.09,78.65,84.03,1.02,91.8
1574,174,2025-10-22,100,100,87.26,94.73,96.03,0.8,97.22
1575,175,2025-10-22,100,96.25,93.5,86.04,95.15,2.11,98.95
1576,176,2025-10-22,67.71,63.12,69.61,80.65,68.75,2.21,95.84
1577,177,2025-10-22,64.22,46.2,44.77,55.68,52.67,2.09,96.64
1578,178,2025-10-22,94.42,89.49,90.4,82.84,90.2,0.42,98.63
1579,179,2025-10-22,94.24,69.32,95.39,100,87.92,3.12,95.0
1580,180,2025-10-22,100,100,91.27,99.64,97.76,2.94,100
1581,181,2025-10-22,81.61,68.22,65.12,77.83,72.9,2.42,100
1582,182,2025-10-22,74.49,59.72,75.8,91.68,72.96,5.59,99.04
1583,183,2025-10-22,92.31,93.07,100,100,95.61,0.7,99.98
1584,184,2025-10-22,61.84,56.84,55.07,65.72,59.23,5.72,98.08
1585,185,2025-10-22,30,30,48.62,30,34.66,2.31,89.11
1586,186,2025-10-22,90.81,90.0,76.83,79.67,85.4,0.19,93.83
1587,187,2025-10-22,77.92,61.23,75.96,86.45,73.7,5.04,96.12
1588,188,2025-10-22,92.79,100,100,91.33,96.54,1.2,93.55
1589,189,2025-10-22,100,78.81,100,100,93.64,1.29,94.74
1590,190,2025-10-22,100,94.93,100,100,98.48,2.14,92.68
1591,191,2025-10-22,100,82.05,76.61,98.96,88.61,2.2,95.23
1592,192,2025-10-22,84.74,81.67,76.87,87.3,82.24,3.4,95.66
1593,193,2025-10-22,93.99,78.93,73.35,80.29,82.26,0.77,94.23
1594,194,2025-10-22,71.6,52.1,78.34,84.15,69.32,2.78,93.31
1595,195,2025-10-22,98.16,94.94,82.51,100,93.56,4.71,94.47
1596,196,2025-10-22,65.76,53.3,66.29,58.37,61.05,2.44,94.66
1597,197,2025-10-22,86.14,86.76,83.86,81.9,85.12,1.97,95.32
1598,198,2025-10-22,73.36,62.79,46.85,65.11,62.32,3.75,95.37
1599,199,2025-10-22,87.55,98.98,60.51,88.61,84.38,0.19,99.48
1600,200,2025-10-22,71.74,65.97,66.85,72.98,68.97,0.7,97.03
